"barcode","filename","url"
"7300001","1-蓝色.jpg","https://raw.githubusercontent.com/shahinalzalam9-web/Drip-Photos/main/7300001/1-%E8%93%9D%E8%89%B2.jpg"
"7300001","2-蓝色.jpg","https://raw.githubusercontent.com/shahinalzalam9-web/Drip-Photos/main/7300001/2-%E8%93%9D%E8%89%B2.jpg"
"7300001","3-蓝色.jpg","https://raw.githubusercontent.com/shahinalzalam9-web/Drip-Photos/main/7300001/3-%E8%93%9D%E8%89%B2.jpg"
"7300001","4-蓝色.jpg","https://raw.githubusercontent.com/shahinalzalam9-web/Drip-Photos/main/7300001/4-%E8%93%9D%E8%89%B2.jpg"
"7300002","1-黑色.jpg","https://raw.githubusercontent.com/shahinalzalam9-web/Drip-Photos/main/7300002/1-%E9%BB%91%E8%89%B2.jpg"
"7300002","2-黑色.jpg","https://raw.githubusercontent.com/shahinalzalam9-web/Drip-Photos/main/7300002/2-%E9%BB%91%E8%89%B2.jpg"
"7300002","3-黑色.jpg","https://raw.githubusercontent.com/shahinalzalam9-web/Drip-Photos/main/7300002/3-%E9%BB%91%E8%89%B2.jpg"
"7300002","4-黑色.jpg","https://raw.githubusercontent.com/shahinalzalam9-web/Drip-Photos/main/7300002/4-%E9%BB%91%E8%89%B2.jpg"
"7300003","1-灰色.jpg","https://raw.githubusercontent.com/shahinalzalam9-web/Drip-Photos/main/7300003/1-%E7%81%B0%E8%89%B2.jpg"
"7300003","2-灰色.jpg","https://raw.githubusercontent.com/shahinalzalam9-web/Drip-Photos/main/7300003/2-%E7%81%B0%E8%89%B2.jpg"
"7300003","3-灰色.jpg","https://raw.githubusercontent.com/shahinalzalam9-web/Drip-Photos/main/7300003/3-%E7%81%B0%E8%89%B2.jpg"
"7300003","4-灰色.jpg","https://raw.githubusercontent.com/shahinalzalam9-web/Drip-Photos/main/7300003/4-%E7%81%B0%E8%89%B2.jpg"
"7300004","1-沙漠金.jpg","https://raw.githubusercontent.com/shahinalzalam9-web/Drip-Photos/main/7300004/1-%E6%B2%99%E6%BC%A0%E9%87%91.jpg"
"7300004","2-沙漠金.jpg","https://raw.githubusercontent.com/shahinalzalam9-web/Drip-Photos/main/7300004/2-%E6%B2%99%E6%BC%A0%E9%87%91.jpg"
"7300004","3-沙漠金.jpg","https://raw.githubusercontent.com/shahinalzalam9-web/Drip-Photos/main/7300004/3-%E6%B2%99%E6%BC%A0%E9%87%91.jpg"
"7300004","4-沙漠金.jpg","https://raw.githubusercontent.com/shahinalzalam9-web/Drip-Photos/main/7300004/4-%E6%B2%99%E6%BC%A0%E9%87%91.jpg"
"7300005","1-粉色.jpg","https://raw.githubusercontent.com/shahinalzalam9-web/Drip-Photos/main/7300005/1-%E7%B2%89%E8%89%B2.jpg"
"7300005","2-粉色.jpg","https://raw.githubusercontent.com/shahinalzalam9-web/Drip-Photos/main/7300005/2-%E7%B2%89%E8%89%B2.jpg"
"7300005","3-粉色.jpg","https://raw.githubusercontent.com/shahinalzalam9-web/Drip-Photos/main/7300005/3-%E7%B2%89%E8%89%B2.jpg"
"7300005","4-粉色.jpg","https://raw.githubusercontent.com/shahinalzalam9-web/Drip-Photos/main/7300005/4-%E7%B2%89%E8%89%B2.jpg"
"7300006","01.jpg","https://raw.githubusercontent.com/shahinalzalam9-web/Drip-Photos/main/7300006/01.jpg"
"7300006","02.jpg","https://raw.githubusercontent.com/shahinalzalam9-web/Drip-Photos/main/7300006/02.jpg"
"7300006","03.jpg","https://raw.githubusercontent.com/shahinalzalam9-web/Drip-Photos/main/7300006/03.jpg"
"7300006","04.jpg","https://raw.githubusercontent.com/shahinalzalam9-web/Drip-Photos/main/7300006/04.jpg"
"7300006","05.jpg","https://raw.githubusercontent.com/shahinalzalam9-web/Drip-Photos/main/7300006/05.jpg"
"7300007","01.jpg","https://raw.githubusercontent.com/shahinalzalam9-web/Drip-Photos/main/7300007/01.jpg"
"7300007","02.jpg","https://raw.githubusercontent.com/shahinalzalam9-web/Drip-Photos/main/7300007/02.jpg"
"7300007","03.jpg","https://raw.githubusercontent.com/shahinalzalam9-web/Drip-Photos/main/7300007/03.jpg"
"7300007","04.jpg","https://raw.githubusercontent.com/shahinalzalam9-web/Drip-Photos/main/7300007/04.jpg"
"7300007","05.jpg","https://raw.githubusercontent.com/shahinalzalam9-web/Drip-Photos/main/7300007/05.jpg"
"7300008","01.jpg","https://raw.githubusercontent.com/shahinalzalam9-web/Drip-Photos/main/7300008/01.jpg"
"7300008","02.jpg","https://raw.githubusercontent.com/shahinalzalam9-web/Drip-Photos/main/7300008/02.jpg"
"7300008","03.jpg","https://raw.githubusercontent.com/shahinalzalam9-web/Drip-Photos/main/7300008/03.jpg"
"7300008","04.jpg","https://raw.githubusercontent.com/shahinalzalam9-web/Drip-Photos/main/7300008/04.jpg"
"7300008","05.jpg","https://raw.githubusercontent.com/shahinalzalam9-web/Drip-Photos/main/7300008/05.jpg"
"7300009","01.jpg","https://raw.githubusercontent.com/shahinalzalam9-web/Drip-Photos/main/7300009/01.jpg"
"7300009","02.jpg","https://raw.githubusercontent.com/shahinalzalam9-web/Drip-Photos/main/7300009/02.jpg"
"7300009","03.jpg","https://raw.githubusercontent.com/shahinalzalam9-web/Drip-Photos/main/7300009/03.jpg"
"7300009","04.jpg","https://raw.githubusercontent.com/shahinalzalam9-web/Drip-Photos/main/7300009/04.jpg"
"7300009","05.jpg","https://raw.githubusercontent.com/shahinalzalam9-web/Drip-Photos/main/7300009/05.jpg"
"7300010","01.jpg","https://raw.githubusercontent.com/shahinalzalam9-web/Drip-Photos/main/7300010/01.jpg"
"7300010","02.jpg","https://raw.githubusercontent.com/shahinalzalam9-web/Drip-Photos/main/7300010/02.jpg"
"7300010","03.jpg","https://raw.githubusercontent.com/shahinalzalam9-web/Drip-Photos/main/7300010/03.jpg"
"7300010","04.jpg","https://raw.githubusercontent.com/shahinalzalam9-web/Drip-Photos/main/7300010/04.jpg"
"7300010","05.jpg","https://raw.githubusercontent.com/shahinalzalam9-web/Drip-Photos/main/7300010/05.jpg"
"7300011","01.jpg","https://raw.githubusercontent.com/shahinalzalam9-web/Drip-Photos/main/7300011/01.jpg"
"7300011","02.jpg","https://raw.githubusercontent.com/shahinalzalam9-web/Drip-Photos/main/7300011/02.jpg"
"7300011","03.jpg","https://raw.githubusercontent.com/shahinalzalam9-web/Drip-Photos/main/7300011/03.jpg"
"7300011","04.jpg","https://raw.githubusercontent.com/shahinalzalam9-web/Drip-Photos/main/7300011/04.jpg"
"7300011","05.jpg","https://raw.githubusercontent.com/shahinalzalam9-web/Drip-Photos/main/7300011/05.jpg"
"7300012","01.jpg","https://raw.githubusercontent.com/shahinalzalam9-web/Drip-Photos/main/7300012/01.jpg"
"7300012","02.jpg","https://raw.githubusercontent.com/shahinalzalam9-web/Drip-Photos/main/7300012/02.jpg"
"7300012","03.jpg","https://raw.githubusercontent.com/shahinalzalam9-web/Drip-Photos/main/7300012/03.jpg"
"7300012","04.jpg","https://raw.githubusercontent.com/shahinalzalam9-web/Drip-Photos/main/7300012/04.jpg"
"7300012","05.jpg","https://raw.githubusercontent.com/shahinalzalam9-web/Drip-Photos/main/7300012/05.jpg"
"7300013","01.jpg","https://raw.githubusercontent.com/shahinalzalam9-web/Drip-Photos/main/7300013/01.jpg"
"7300013","02.jpg","https://raw.githubusercontent.com/shahinalzalam9-web/Drip-Photos/main/7300013/02.jpg"
"7300013","03.jpg","https://raw.githubusercontent.com/shahinalzalam9-web/Drip-Photos/main/7300013/03.jpg"
"7300013","04.jpg","https://raw.githubusercontent.com/shahinalzalam9-web/Drip-Photos/main/7300013/04.jpg"
"7300013","05.jpg","https://raw.githubusercontent.com/shahinalzalam9-web/Drip-Photos/main/7300013/05.jpg"
"7300014","01.jpg","https://raw.githubusercontent.com/shahinalzalam9-web/Drip-Photos/main/7300014/01.jpg"
"7300014","02.jpg","https://raw.githubusercontent.com/shahinalzalam9-web/Drip-Photos/main/7300014/02.jpg"
"7300014","03.jpg","https://raw.githubusercontent.com/shahinalzalam9-web/Drip-Photos/main/7300014/03.jpg"
"7300014","04.jpg","https://raw.githubusercontent.com/shahinalzalam9-web/Drip-Photos/main/7300014/04.jpg"
"7300014","05.jpg","https://raw.githubusercontent.com/shahinalzalam9-web/Drip-Photos/main/7300014/05.jpg"
"7300015","1-绿色.jpg","https://raw.githubusercontent.com/shahinalzalam9-web/Drip-Photos/main/7300015/1-%E7%BB%BF%E8%89%B2.jpg"
"7300015","2-绿色.jpg","https://raw.githubusercontent.com/shahinalzalam9-web/Drip-Photos/main/7300015/2-%E7%BB%BF%E8%89%B2.jpg"
"7300015","3-绿色.jpg","https://raw.githubusercontent.com/shahinalzalam9-web/Drip-Photos/main/7300015/3-%E7%BB%BF%E8%89%B2.jpg"
"7300015","4-绿色.jpg","https://raw.githubusercontent.com/shahinalzalam9-web/Drip-Photos/main/7300015/4-%E7%BB%BF%E8%89%B2.jpg"
"7300015","5-绿色.jpg","https://raw.githubusercontent.com/shahinalzalam9-web/Drip-Photos/main/7300015/5-%E7%BB%BF%E8%89%B2.jpg"
"7300016","01.jpg","https://raw.githubusercontent.com/shahinalzalam9-web/Drip-Photos/main/7300016/01.jpg"
"7300016","02.jpg","https://raw.githubusercontent.com/shahinalzalam9-web/Drip-Photos/main/7300016/02.jpg"
"7300016","03.jpg","https://raw.githubusercontent.com/shahinalzalam9-web/Drip-Photos/main/7300016/03.jpg"
"7300016","04.jpg","https://raw.githubusercontent.com/shahinalzalam9-web/Drip-Photos/main/7300016/04.jpg"
"7300016","05.jpg","https://raw.githubusercontent.com/shahinalzalam9-web/Drip-Photos/main/7300016/05.jpg"
"7300017","01.jpg","https://raw.githubusercontent.com/shahinalzalam9-web/Drip-Photos/main/7300017/01.jpg"
"7300017","02.jpg","https://raw.githubusercontent.com/shahinalzalam9-web/Drip-Photos/main/7300017/02.jpg"
"7300017","03.jpg","https://raw.githubusercontent.com/shahinalzalam9-web/Drip-Photos/main/7300017/03.jpg"
"7300017","04.jpg","https://raw.githubusercontent.com/shahinalzalam9-web/Drip-Photos/main/7300017/04.jpg"
"7300017","05.jpg","https://raw.githubusercontent.com/shahinalzalam9-web/Drip-Photos/main/7300017/05.jpg"
"7300017","06-Scene Piture.jpg","https://raw.githubusercontent.com/shahinalzalam9-web/Drip-Photos/main/7300017/06-Scene%20Piture.jpg"
"7300018","01.jpg","https://raw.githubusercontent.com/shahinalzalam9-web/Drip-Photos/main/7300018/01.jpg"
"7300018","02.jpg","https://raw.githubusercontent.com/shahinalzalam9-web/Drip-Photos/main/7300018/02.jpg"
"7300018","03.jpg","https://raw.githubusercontent.com/shahinalzalam9-web/Drip-Photos/main/7300018/03.jpg"
"7300018","04.jpg","https://raw.githubusercontent.com/shahinalzalam9-web/Drip-Photos/main/7300018/04.jpg"
"7300018","05.jpg","https://raw.githubusercontent.com/shahinalzalam9-web/Drip-Photos/main/7300018/05.jpg"
"7300019","01.jpg","https://raw.githubusercontent.com/shahinalzalam9-web/Drip-Photos/main/7300019/01.jpg"
"7300019","02.jpg","https://raw.githubusercontent.com/shahinalzalam9-web/Drip-Photos/main/7300019/02.jpg"
"7300019","03.jpg","https://raw.githubusercontent.com/shahinalzalam9-web/Drip-Photos/main/7300019/03.jpg"
"7300019","04.jpg","https://raw.githubusercontent.com/shahinalzalam9-web/Drip-Photos/main/7300019/04.jpg"
"7300019","05.jpg","https://raw.githubusercontent.com/shahinalzalam9-web/Drip-Photos/main/7300019/05.jpg"
"7300020","1灰.jpg","https://raw.githubusercontent.com/shahinalzalam9-web/Drip-Photos/main/7300020/1%E7%81%B0.jpg"
"7300020","2灰.jpg","https://raw.githubusercontent.com/shahinalzalam9-web/Drip-Photos/main/7300020/2%E7%81%B0.jpg"
"7300020","3灰.jpg","https://raw.githubusercontent.com/shahinalzalam9-web/Drip-Photos/main/7300020/3%E7%81%B0.jpg"
"7300020","4.jpg","https://raw.githubusercontent.com/shahinalzalam9-web/Drip-Photos/main/7300020/4.jpg"
"7300020","5.png","https://raw.githubusercontent.com/shahinalzalam9-web/Drip-Photos/main/7300020/5.png"
"7300021","1深灰.jpg","https://raw.githubusercontent.com/shahinalzalam9-web/Drip-Photos/main/7300021/1%E6%B7%B1%E7%81%B0.jpg"
"7300021","2深灰.jpg","https://raw.githubusercontent.com/shahinalzalam9-web/Drip-Photos/main/7300021/2%E6%B7%B1%E7%81%B0.jpg"
"7300021","3深灰.jpg","https://raw.githubusercontent.com/shahinalzalam9-web/Drip-Photos/main/7300021/3%E6%B7%B1%E7%81%B0.jpg"
"7300021","4.jpg","https://raw.githubusercontent.com/shahinalzalam9-web/Drip-Photos/main/7300021/4.jpg"
"7300021","5.png","https://raw.githubusercontent.com/shahinalzalam9-web/Drip-Photos/main/7300021/5.png"
"7300022","1薄荷绿.jpg","https://raw.githubusercontent.com/shahinalzalam9-web/Drip-Photos/main/7300022/1%E8%96%84%E8%8D%B7%E7%BB%BF.jpg"
"7300022","2薄荷绿.jpg","https://raw.githubusercontent.com/shahinalzalam9-web/Drip-Photos/main/7300022/2%E8%96%84%E8%8D%B7%E7%BB%BF.jpg"
"7300022","3薄荷绿.jpg","https://raw.githubusercontent.com/shahinalzalam9-web/Drip-Photos/main/7300022/3%E8%96%84%E8%8D%B7%E7%BB%BF.jpg"
"7300022","4.jpg","https://raw.githubusercontent.com/shahinalzalam9-web/Drip-Photos/main/7300022/4.jpg"
"7300022","5.png","https://raw.githubusercontent.com/shahinalzalam9-web/Drip-Photos/main/7300022/5.png"
"7300023","1松针绿.jpg","https://raw.githubusercontent.com/shahinalzalam9-web/Drip-Photos/main/7300023/1%E6%9D%BE%E9%92%88%E7%BB%BF.jpg"
"7300023","2松针绿.jpg","https://raw.githubusercontent.com/shahinalzalam9-web/Drip-Photos/main/7300023/2%E6%9D%BE%E9%92%88%E7%BB%BF.jpg"
"7300023","3松针绿.jpg","https://raw.githubusercontent.com/shahinalzalam9-web/Drip-Photos/main/7300023/3%E6%9D%BE%E9%92%88%E7%BB%BF.jpg"
"7300023","4.jpg","https://raw.githubusercontent.com/shahinalzalam9-web/Drip-Photos/main/7300023/4.jpg"
"7300023","5.png","https://raw.githubusercontent.com/shahinalzalam9-web/Drip-Photos/main/7300023/5.png"
"7300024","1深蓝.jpg","https://raw.githubusercontent.com/shahinalzalam9-web/Drip-Photos/main/7300024/1%E6%B7%B1%E8%93%9D.jpg"
"7300024","2深蓝.jpg","https://raw.githubusercontent.com/shahinalzalam9-web/Drip-Photos/main/7300024/2%E6%B7%B1%E8%93%9D.jpg"
"7300024","3深蓝.jpg","https://raw.githubusercontent.com/shahinalzalam9-web/Drip-Photos/main/7300024/3%E6%B7%B1%E8%93%9D.jpg"
"7300024","4.jpg","https://raw.githubusercontent.com/shahinalzalam9-web/Drip-Photos/main/7300024/4.jpg"
"7300024","5.png","https://raw.githubusercontent.com/shahinalzalam9-web/Drip-Photos/main/7300024/5.png"
"7300025","1远峰蓝.jpg","https://raw.githubusercontent.com/shahinalzalam9-web/Drip-Photos/main/7300025/1%E8%BF%9C%E5%B3%B0%E8%93%9D.jpg"
"7300025","2远峰蓝.jpg","https://raw.githubusercontent.com/shahinalzalam9-web/Drip-Photos/main/7300025/2%E8%BF%9C%E5%B3%B0%E8%93%9D.jpg"
"7300025","3远峰蓝.jpg","https://raw.githubusercontent.com/shahinalzalam9-web/Drip-Photos/main/7300025/3%E8%BF%9C%E5%B3%B0%E8%93%9D.jpg"
"7300025","4.jpg","https://raw.githubusercontent.com/shahinalzalam9-web/Drip-Photos/main/7300025/4.jpg"
"7300025","5.png","https://raw.githubusercontent.com/shahinalzalam9-web/Drip-Photos/main/7300025/5.png"
"7300026","1香芋紫.jpg","https://raw.githubusercontent.com/shahinalzalam9-web/Drip-Photos/main/7300026/1%E9%A6%99%E8%8A%8B%E7%B4%AB.jpg"
"7300026","2香芋紫.jpg","https://raw.githubusercontent.com/shahinalzalam9-web/Drip-Photos/main/7300026/2%E9%A6%99%E8%8A%8B%E7%B4%AB.jpg"
"7300026","3香芋紫.jpg","https://raw.githubusercontent.com/shahinalzalam9-web/Drip-Photos/main/7300026/3%E9%A6%99%E8%8A%8B%E7%B4%AB.jpg"
"7300026","4.jpg","https://raw.githubusercontent.com/shahinalzalam9-web/Drip-Photos/main/7300026/4.jpg"
"7300026","5.png","https://raw.githubusercontent.com/shahinalzalam9-web/Drip-Photos/main/7300026/5.png"
"7300027","1暗紫.jpg","https://raw.githubusercontent.com/shahinalzalam9-web/Drip-Photos/main/7300027/1%E6%9A%97%E7%B4%AB.jpg"
"7300027","2暗紫.jpg","https://raw.githubusercontent.com/shahinalzalam9-web/Drip-Photos/main/7300027/2%E6%9A%97%E7%B4%AB.jpg"
"7300027","3暗紫.jpg","https://raw.githubusercontent.com/shahinalzalam9-web/Drip-Photos/main/7300027/3%E6%9A%97%E7%B4%AB.jpg"
"7300027","4.jpg","https://raw.githubusercontent.com/shahinalzalam9-web/Drip-Photos/main/7300027/4.jpg"
"7300027","5.png","https://raw.githubusercontent.com/shahinalzalam9-web/Drip-Photos/main/7300027/5.png"
"7300028","1仙女粉.jpg","https://raw.githubusercontent.com/shahinalzalam9-web/Drip-Photos/main/7300028/1%E4%BB%99%E5%A5%B3%E7%B2%89.jpg"
"7300028","2仙女粉.jpg","https://raw.githubusercontent.com/shahinalzalam9-web/Drip-Photos/main/7300028/2%E4%BB%99%E5%A5%B3%E7%B2%89.jpg"
"7300028","3仙女粉.jpg","https://raw.githubusercontent.com/shahinalzalam9-web/Drip-Photos/main/7300028/3%E4%BB%99%E5%A5%B3%E7%B2%89.jpg"
"7300028","4.jpg","https://raw.githubusercontent.com/shahinalzalam9-web/Drip-Photos/main/7300028/4.jpg"
"7300028","5.png","https://raw.githubusercontent.com/shahinalzalam9-web/Drip-Photos/main/7300028/5.png"
"7300029","1金.jpg","https://raw.githubusercontent.com/shahinalzalam9-web/Drip-Photos/main/7300029/1%E9%87%91.jpg"
"7300029","2金.jpg","https://raw.githubusercontent.com/shahinalzalam9-web/Drip-Photos/main/7300029/2%E9%87%91.jpg"
"7300029","3金.jpg","https://raw.githubusercontent.com/shahinalzalam9-web/Drip-Photos/main/7300029/3%E9%87%91.jpg"
"7300029","4.jpg","https://raw.githubusercontent.com/shahinalzalam9-web/Drip-Photos/main/7300029/4.jpg"
"7300029","5.png","https://raw.githubusercontent.com/shahinalzalam9-web/Drip-Photos/main/7300029/5.png"
"7300030","1银.jpg","https://raw.githubusercontent.com/shahinalzalam9-web/Drip-Photos/main/7300030/1%E9%93%B6.jpg"
"7300030","2银.jpg","https://raw.githubusercontent.com/shahinalzalam9-web/Drip-Photos/main/7300030/2%E9%93%B6.jpg"
"7300030","3银.jpg","https://raw.githubusercontent.com/shahinalzalam9-web/Drip-Photos/main/7300030/3%E9%93%B6.jpg"
"7300030","4.jpg","https://raw.githubusercontent.com/shahinalzalam9-web/Drip-Photos/main/7300030/4.jpg"
"7300030","5.png","https://raw.githubusercontent.com/shahinalzalam9-web/Drip-Photos/main/7300030/5.png"
"7300031","1黑.jpg","https://raw.githubusercontent.com/shahinalzalam9-web/Drip-Photos/main/7300031/1%E9%BB%91.jpg"
"7300031","2黑.jpg","https://raw.githubusercontent.com/shahinalzalam9-web/Drip-Photos/main/7300031/2%E9%BB%91.jpg"
"7300031","3黑.jpg","https://raw.githubusercontent.com/shahinalzalam9-web/Drip-Photos/main/7300031/3%E9%BB%91.jpg"
"7300031","4.jpg","https://raw.githubusercontent.com/shahinalzalam9-web/Drip-Photos/main/7300031/4.jpg"
"7300031","5.png","https://raw.githubusercontent.com/shahinalzalam9-web/Drip-Photos/main/7300031/5.png"
"7300032","1-深紫色.jpg","https://raw.githubusercontent.com/shahinalzalam9-web/Drip-Photos/main/7300032/1-%E6%B7%B1%E7%B4%AB%E8%89%B2.jpg"
"7300032","2-深紫色.png","https://raw.githubusercontent.com/shahinalzalam9-web/Drip-Photos/main/7300032/2-%E6%B7%B1%E7%B4%AB%E8%89%B2.png"
"7300032","3-深紫色.png","https://raw.githubusercontent.com/shahinalzalam9-web/Drip-Photos/main/7300032/3-%E6%B7%B1%E7%B4%AB%E8%89%B2.png"
"7300032","4-深紫色.png","https://raw.githubusercontent.com/shahinalzalam9-web/Drip-Photos/main/7300032/4-%E6%B7%B1%E7%B4%AB%E8%89%B2.png"
"7300033","1-深蓝色.jpg","https://raw.githubusercontent.com/shahinalzalam9-web/Drip-Photos/main/7300033/1-%E6%B7%B1%E8%93%9D%E8%89%B2.jpg"
"7300033","2-深蓝色.png","https://raw.githubusercontent.com/shahinalzalam9-web/Drip-Photos/main/7300033/2-%E6%B7%B1%E8%93%9D%E8%89%B2.png"
"7300033","3-深蓝色.png","https://raw.githubusercontent.com/shahinalzalam9-web/Drip-Photos/main/7300033/3-%E6%B7%B1%E8%93%9D%E8%89%B2.png"
"7300033","4-深蓝色.png","https://raw.githubusercontent.com/shahinalzalam9-web/Drip-Photos/main/7300033/4-%E6%B7%B1%E8%93%9D%E8%89%B2.png"
"7300034","1-白色.jpg","https://raw.githubusercontent.com/shahinalzalam9-web/Drip-Photos/main/7300034/1-%E7%99%BD%E8%89%B2.jpg"
"7300034","2-白色.png","https://raw.githubusercontent.com/shahinalzalam9-web/Drip-Photos/main/7300034/2-%E7%99%BD%E8%89%B2.png"
"7300034","3-白色.png","https://raw.githubusercontent.com/shahinalzalam9-web/Drip-Photos/main/7300034/3-%E7%99%BD%E8%89%B2.png"
"7300034","4-白色.png","https://raw.githubusercontent.com/shahinalzalam9-web/Drip-Photos/main/7300034/4-%E7%99%BD%E8%89%B2.png"
"7300035","1-绿色.jpg","https://raw.githubusercontent.com/shahinalzalam9-web/Drip-Photos/main/7300035/1-%E7%BB%BF%E8%89%B2.jpg"
"7300035","2-绿色.png","https://raw.githubusercontent.com/shahinalzalam9-web/Drip-Photos/main/7300035/2-%E7%BB%BF%E8%89%B2.png"
"7300035","3-绿色.png","https://raw.githubusercontent.com/shahinalzalam9-web/Drip-Photos/main/7300035/3-%E7%BB%BF%E8%89%B2.png"
"7300035","4-绿色.png","https://raw.githubusercontent.com/shahinalzalam9-web/Drip-Photos/main/7300035/4-%E7%BB%BF%E8%89%B2.png"
"7300036","1藏青.jpg","https://raw.githubusercontent.com/shahinalzalam9-web/Drip-Photos/main/7300036/1%E8%97%8F%E9%9D%92.jpg"
"7300036","2藏青.jpg","https://raw.githubusercontent.com/shahinalzalam9-web/Drip-Photos/main/7300036/2%E8%97%8F%E9%9D%92.jpg"
"7300036","3藏青.jpg","https://raw.githubusercontent.com/shahinalzalam9-web/Drip-Photos/main/7300036/3%E8%97%8F%E9%9D%92.jpg"
"7300036","4.jpg","https://raw.githubusercontent.com/shahinalzalam9-web/Drip-Photos/main/7300036/4.jpg"
"7300036","5.png","https://raw.githubusercontent.com/shahinalzalam9-web/Drip-Photos/main/7300036/5.png"
"7300037","1红色.jpg","https://raw.githubusercontent.com/shahinalzalam9-web/Drip-Photos/main/7300037/1%E7%BA%A2%E8%89%B2.jpg"
"7300037","2红色.jpg","https://raw.githubusercontent.com/shahinalzalam9-web/Drip-Photos/main/7300037/2%E7%BA%A2%E8%89%B2.jpg"
"7300037","3红色.jpg","https://raw.githubusercontent.com/shahinalzalam9-web/Drip-Photos/main/7300037/3%E7%BA%A2%E8%89%B2.jpg"
"7300037","4.jpg","https://raw.githubusercontent.com/shahinalzalam9-web/Drip-Photos/main/7300037/4.jpg"
"7300037","5.png","https://raw.githubusercontent.com/shahinalzalam9-web/Drip-Photos/main/7300037/5.png"
"7300038","1棕.jpg","https://raw.githubusercontent.com/shahinalzalam9-web/Drip-Photos/main/7300038/1%E6%A3%95.jpg"
"7300038","2棕.jpg","https://raw.githubusercontent.com/shahinalzalam9-web/Drip-Photos/main/7300038/2%E6%A3%95.jpg"
"7300038","3棕.jpg","https://raw.githubusercontent.com/shahinalzalam9-web/Drip-Photos/main/7300038/3%E6%A3%95.jpg"
"7300038","4.jpg","https://raw.githubusercontent.com/shahinalzalam9-web/Drip-Photos/main/7300038/4.jpg"
"7300038","5.png","https://raw.githubusercontent.com/shahinalzalam9-web/Drip-Photos/main/7300038/5.png"
"7300039","01.jpg","https://raw.githubusercontent.com/shahinalzalam9-web/Drip-Photos/main/7300039/01.jpg"
"7300039","02.jpg","https://raw.githubusercontent.com/shahinalzalam9-web/Drip-Photos/main/7300039/02.jpg"
"7300039","03.jpg","https://raw.githubusercontent.com/shahinalzalam9-web/Drip-Photos/main/7300039/03.jpg"
"7300039","04.jpg","https://raw.githubusercontent.com/shahinalzalam9-web/Drip-Photos/main/7300039/04.jpg"
"7300039","1.jpg","https://raw.githubusercontent.com/shahinalzalam9-web/Drip-Photos/main/7300039/1.jpg"
"7300039","2.jpg","https://raw.githubusercontent.com/shahinalzalam9-web/Drip-Photos/main/7300039/2.jpg"
"7300039","3.jpg","https://raw.githubusercontent.com/shahinalzalam9-web/Drip-Photos/main/7300039/3.jpg"
"7300039","4.jpg","https://raw.githubusercontent.com/shahinalzalam9-web/Drip-Photos/main/7300039/4.jpg"
"7300040","1.jpg","https://raw.githubusercontent.com/shahinalzalam9-web/Drip-Photos/main/7300040/1.jpg"
"7300040","2.jpg","https://raw.githubusercontent.com/shahinalzalam9-web/Drip-Photos/main/7300040/2.jpg"
"7300040","3.jpg","https://raw.githubusercontent.com/shahinalzalam9-web/Drip-Photos/main/7300040/3.jpg"
"7300040","4.jpg","https://raw.githubusercontent.com/shahinalzalam9-web/Drip-Photos/main/7300040/4.jpg"
"7300041","1.jpg","https://raw.githubusercontent.com/shahinalzalam9-web/Drip-Photos/main/7300041/1.jpg"
"7300041","2.jpg","https://raw.githubusercontent.com/shahinalzalam9-web/Drip-Photos/main/7300041/2.jpg"
"7300041","3.png","https://raw.githubusercontent.com/shahinalzalam9-web/Drip-Photos/main/7300041/3.png"
"7300041","4.jpg","https://raw.githubusercontent.com/shahinalzalam9-web/Drip-Photos/main/7300041/4.jpg"
"7300041","5.jpg","https://raw.githubusercontent.com/shahinalzalam9-web/Drip-Photos/main/7300041/5.jpg"
"7300042","1-黑色.jpg","https://raw.githubusercontent.com/shahinalzalam9-web/Drip-Photos/main/7300042/1-%E9%BB%91%E8%89%B2.jpg"
"7300042","2-黑色.jpg","https://raw.githubusercontent.com/shahinalzalam9-web/Drip-Photos/main/7300042/2-%E9%BB%91%E8%89%B2.jpg"
"7300042","3-黑色.jpg","https://raw.githubusercontent.com/shahinalzalam9-web/Drip-Photos/main/7300042/3-%E9%BB%91%E8%89%B2.jpg"
"7300042","4-黑色.jpg","https://raw.githubusercontent.com/shahinalzalam9-web/Drip-Photos/main/7300042/4-%E9%BB%91%E8%89%B2.jpg"
"7300043","1-黑色.jpg","https://raw.githubusercontent.com/shahinalzalam9-web/Drip-Photos/main/7300043/1-%E9%BB%91%E8%89%B2.jpg"
"7300043","2-黑色.jpg","https://raw.githubusercontent.com/shahinalzalam9-web/Drip-Photos/main/7300043/2-%E9%BB%91%E8%89%B2.jpg"
"7300043","3-黑色.jpg","https://raw.githubusercontent.com/shahinalzalam9-web/Drip-Photos/main/7300043/3-%E9%BB%91%E8%89%B2.jpg"
"7300043","4-黑色.jpg","https://raw.githubusercontent.com/shahinalzalam9-web/Drip-Photos/main/7300043/4-%E9%BB%91%E8%89%B2.jpg"
"7300044","画板 1.png","https://raw.githubusercontent.com/shahinalzalam9-web/Drip-Photos/main/7300044/%E7%94%BB%E6%9D%BF%201.png"
"7300044","画板 2.png","https://raw.githubusercontent.com/shahinalzalam9-web/Drip-Photos/main/7300044/%E7%94%BB%E6%9D%BF%202.png"
"7300044","画板 3.png","https://raw.githubusercontent.com/shahinalzalam9-web/Drip-Photos/main/7300044/%E7%94%BB%E6%9D%BF%203.png"
"7300044","画板 4.jpg","https://raw.githubusercontent.com/shahinalzalam9-web/Drip-Photos/main/7300044/%E7%94%BB%E6%9D%BF%204.jpg"
"7300044","画板 5.jpg","https://raw.githubusercontent.com/shahinalzalam9-web/Drip-Photos/main/7300044/%E7%94%BB%E6%9D%BF%205.jpg"
"7300045","画板 1.png","https://raw.githubusercontent.com/shahinalzalam9-web/Drip-Photos/main/7300045/%E7%94%BB%E6%9D%BF%201.png"
"7300045","画板 2.png","https://raw.githubusercontent.com/shahinalzalam9-web/Drip-Photos/main/7300045/%E7%94%BB%E6%9D%BF%202.png"
"7300045","画板 3.png","https://raw.githubusercontent.com/shahinalzalam9-web/Drip-Photos/main/7300045/%E7%94%BB%E6%9D%BF%203.png"
"7300045","画板 4.jpg","https://raw.githubusercontent.com/shahinalzalam9-web/Drip-Photos/main/7300045/%E7%94%BB%E6%9D%BF%204.jpg"
"7300045","画板 5.jpg","https://raw.githubusercontent.com/shahinalzalam9-web/Drip-Photos/main/7300045/%E7%94%BB%E6%9D%BF%205.jpg"
"7300046","画板 1.png","https://raw.githubusercontent.com/shahinalzalam9-web/Drip-Photos/main/7300046/%E7%94%BB%E6%9D%BF%201.png"
"7300046","画板 2.png","https://raw.githubusercontent.com/shahinalzalam9-web/Drip-Photos/main/7300046/%E7%94%BB%E6%9D%BF%202.png"
"7300046","画板 3.png","https://raw.githubusercontent.com/shahinalzalam9-web/Drip-Photos/main/7300046/%E7%94%BB%E6%9D%BF%203.png"
"7300046","画板 4.jpg","https://raw.githubusercontent.com/shahinalzalam9-web/Drip-Photos/main/7300046/%E7%94%BB%E6%9D%BF%204.jpg"
"7300046","画板 5.jpg","https://raw.githubusercontent.com/shahinalzalam9-web/Drip-Photos/main/7300046/%E7%94%BB%E6%9D%BF%205.jpg"
"7300047","画板 1.png","https://raw.githubusercontent.com/shahinalzalam9-web/Drip-Photos/main/7300047/%E7%94%BB%E6%9D%BF%201.png"
"7300047","画板 2.png","https://raw.githubusercontent.com/shahinalzalam9-web/Drip-Photos/main/7300047/%E7%94%BB%E6%9D%BF%202.png"
"7300047","画板 3.png","https://raw.githubusercontent.com/shahinalzalam9-web/Drip-Photos/main/7300047/%E7%94%BB%E6%9D%BF%203.png"
"7300047","画板 4.jpg","https://raw.githubusercontent.com/shahinalzalam9-web/Drip-Photos/main/7300047/%E7%94%BB%E6%9D%BF%204.jpg"
"7300047","画板 5.jpg","https://raw.githubusercontent.com/shahinalzalam9-web/Drip-Photos/main/7300047/%E7%94%BB%E6%9D%BF%205.jpg"
"7300048","画板 1.png","https://raw.githubusercontent.com/shahinalzalam9-web/Drip-Photos/main/7300048/%E7%94%BB%E6%9D%BF%201.png"
"7300048","画板 2.png","https://raw.githubusercontent.com/shahinalzalam9-web/Drip-Photos/main/7300048/%E7%94%BB%E6%9D%BF%202.png"
"7300048","画板 3.png","https://raw.githubusercontent.com/shahinalzalam9-web/Drip-Photos/main/7300048/%E7%94%BB%E6%9D%BF%203.png"
"7300048","画板 4.jpg","https://raw.githubusercontent.com/shahinalzalam9-web/Drip-Photos/main/7300048/%E7%94%BB%E6%9D%BF%204.jpg"
"7300048","画板 5.jpg","https://raw.githubusercontent.com/shahinalzalam9-web/Drip-Photos/main/7300048/%E7%94%BB%E6%9D%BF%205.jpg"
"7300049","画板 1.png","https://raw.githubusercontent.com/shahinalzalam9-web/Drip-Photos/main/7300049/%E7%94%BB%E6%9D%BF%201.png"
"7300049","画板 2.png","https://raw.githubusercontent.com/shahinalzalam9-web/Drip-Photos/main/7300049/%E7%94%BB%E6%9D%BF%202.png"
"7300049","画板 3.png","https://raw.githubusercontent.com/shahinalzalam9-web/Drip-Photos/main/7300049/%E7%94%BB%E6%9D%BF%203.png"
"7300049","画板 4.jpg","https://raw.githubusercontent.com/shahinalzalam9-web/Drip-Photos/main/7300049/%E7%94%BB%E6%9D%BF%204.jpg"
"7300049","画板 5.jpg","https://raw.githubusercontent.com/shahinalzalam9-web/Drip-Photos/main/7300049/%E7%94%BB%E6%9D%BF%205.jpg"
"7300050","1-F1 吸盘磁吸手机支架.jpg","https://raw.githubusercontent.com/shahinalzalam9-web/Drip-Photos/main/7300050/1-F1%20%E5%90%B8%E7%9B%98%E7%A3%81%E5%90%B8%E6%89%8B%E6%9C%BA%E6%94%AF%E6%9E%B6.jpg"
"7300050","2-F1 吸盘磁吸手机支架.jpg","https://raw.githubusercontent.com/shahinalzalam9-web/Drip-Photos/main/7300050/2-F1%20%E5%90%B8%E7%9B%98%E7%A3%81%E5%90%B8%E6%89%8B%E6%9C%BA%E6%94%AF%E6%9E%B6.jpg"
"7300050","3-F1 吸盘磁吸手机支架.jpg","https://raw.githubusercontent.com/shahinalzalam9-web/Drip-Photos/main/7300050/3-F1%20%E5%90%B8%E7%9B%98%E7%A3%81%E5%90%B8%E6%89%8B%E6%9C%BA%E6%94%AF%E6%9E%B6.jpg"
"7300050","4-F1 吸盘磁吸手机支架.jpg","https://raw.githubusercontent.com/shahinalzalam9-web/Drip-Photos/main/7300050/4-F1%20%E5%90%B8%E7%9B%98%E7%A3%81%E5%90%B8%E6%89%8B%E6%9C%BA%E6%94%AF%E6%9E%B6.jpg"
"7300050","5-F1 吸盘磁吸手机支架.jpg","https://raw.githubusercontent.com/shahinalzalam9-web/Drip-Photos/main/7300050/5-F1%20%E5%90%B8%E7%9B%98%E7%A3%81%E5%90%B8%E6%89%8B%E6%9C%BA%E6%94%AF%E6%9E%B6.jpg"
"7300051","C1吸盘磁吸1.png","https://raw.githubusercontent.com/shahinalzalam9-web/Drip-Photos/main/7300051/C1%E5%90%B8%E7%9B%98%E7%A3%81%E5%90%B81.png"
"7300051","C1吸盘磁吸2.png","https://raw.githubusercontent.com/shahinalzalam9-web/Drip-Photos/main/7300051/C1%E5%90%B8%E7%9B%98%E7%A3%81%E5%90%B82.png"
"7300051","C1吸盘磁吸3.png","https://raw.githubusercontent.com/shahinalzalam9-web/Drip-Photos/main/7300051/C1%E5%90%B8%E7%9B%98%E7%A3%81%E5%90%B83.png"
"7300051","C1吸盘磁吸4.jpg","https://raw.githubusercontent.com/shahinalzalam9-web/Drip-Photos/main/7300051/C1%E5%90%B8%E7%9B%98%E7%A3%81%E5%90%B84.jpg"
"7300051","C1吸盘磁吸5.jpg","https://raw.githubusercontent.com/shahinalzalam9-web/Drip-Photos/main/7300051/C1%E5%90%B8%E7%9B%98%E7%A3%81%E5%90%B85.jpg"
"7300052","x9吸盘磁吸1.png","https://raw.githubusercontent.com/shahinalzalam9-web/Drip-Photos/main/7300052/x9%E5%90%B8%E7%9B%98%E7%A3%81%E5%90%B81.png"
"7300052","x9吸盘磁吸2.png","https://raw.githubusercontent.com/shahinalzalam9-web/Drip-Photos/main/7300052/x9%E5%90%B8%E7%9B%98%E7%A3%81%E5%90%B82.png"
"7300052","x9吸盘磁吸3.png","https://raw.githubusercontent.com/shahinalzalam9-web/Drip-Photos/main/7300052/x9%E5%90%B8%E7%9B%98%E7%A3%81%E5%90%B83.png"
"7300052","x9吸盘磁吸4.png","https://raw.githubusercontent.com/shahinalzalam9-web/Drip-Photos/main/7300052/x9%E5%90%B8%E7%9B%98%E7%A3%81%E5%90%B84.png"
"7300052","x9吸盘磁吸5.png","https://raw.githubusercontent.com/shahinalzalam9-web/Drip-Photos/main/7300052/x9%E5%90%B8%E7%9B%98%E7%A3%81%E5%90%B85.png"
"7300052","x9吸盘磁吸6.jpg","https://raw.githubusercontent.com/shahinalzalam9-web/Drip-Photos/main/7300052/x9%E5%90%B8%E7%9B%98%E7%A3%81%E5%90%B86.jpg"
"7300053","1-XBQ 吸盘磁吸手机支架.jpg","https://raw.githubusercontent.com/shahinalzalam9-web/Drip-Photos/main/7300053/1-XBQ%20%E5%90%B8%E7%9B%98%E7%A3%81%E5%90%B8%E6%89%8B%E6%9C%BA%E6%94%AF%E6%9E%B6.jpg"
"7300053","2-XBQ 吸盘磁吸手机支架.jpg","https://raw.githubusercontent.com/shahinalzalam9-web/Drip-Photos/main/7300053/2-XBQ%20%E5%90%B8%E7%9B%98%E7%A3%81%E5%90%B8%E6%89%8B%E6%9C%BA%E6%94%AF%E6%9E%B6.jpg"
"7300053","3-XBQ 吸盘磁吸手机支架.jpg","https://raw.githubusercontent.com/shahinalzalam9-web/Drip-Photos/main/7300053/3-XBQ%20%E5%90%B8%E7%9B%98%E7%A3%81%E5%90%B8%E6%89%8B%E6%9C%BA%E6%94%AF%E6%9E%B6.jpg"
"7300053","4-XBQ 吸盘磁吸手机支架.jpg","https://raw.githubusercontent.com/shahinalzalam9-web/Drip-Photos/main/7300053/4-XBQ%20%E5%90%B8%E7%9B%98%E7%A3%81%E5%90%B8%E6%89%8B%E6%9C%BA%E6%94%AF%E6%9E%B6.jpg"
"7300053","5-XBQ 吸盘磁吸手机支架.jpg","https://raw.githubusercontent.com/shahinalzalam9-web/Drip-Photos/main/7300053/5-XBQ%20%E5%90%B8%E7%9B%98%E7%A3%81%E5%90%B8%E6%89%8B%E6%9C%BA%E6%94%AF%E6%9E%B6.jpg"
"7300054","1-绑带手机磁吸支架.jpg","https://raw.githubusercontent.com/shahinalzalam9-web/Drip-Photos/main/7300054/1-%E7%BB%91%E5%B8%A6%E6%89%8B%E6%9C%BA%E7%A3%81%E5%90%B8%E6%94%AF%E6%9E%B6.jpg"
"7300054","2-绑带手机磁吸支架_.png","https://raw.githubusercontent.com/shahinalzalam9-web/Drip-Photos/main/7300054/2-%E7%BB%91%E5%B8%A6%E6%89%8B%E6%9C%BA%E7%A3%81%E5%90%B8%E6%94%AF%E6%9E%B6_.png"
"7300054","3-绑带手机磁吸支架.png","https://raw.githubusercontent.com/shahinalzalam9-web/Drip-Photos/main/7300054/3-%E7%BB%91%E5%B8%A6%E6%89%8B%E6%9C%BA%E7%A3%81%E5%90%B8%E6%94%AF%E6%9E%B6.png"
"7300054","4-绑带手机磁吸支架.png","https://raw.githubusercontent.com/shahinalzalam9-web/Drip-Photos/main/7300054/4-%E7%BB%91%E5%B8%A6%E6%89%8B%E6%9C%BA%E7%A3%81%E5%90%B8%E6%94%AF%E6%9E%B6.png"
"7300054","5-绑带手机磁吸支架.png","https://raw.githubusercontent.com/shahinalzalam9-web/Drip-Photos/main/7300054/5-%E7%BB%91%E5%B8%A6%E6%89%8B%E6%9C%BA%E7%A3%81%E5%90%B8%E6%94%AF%E6%9E%B6.png"
"7300054","6-绑带手机磁吸支架.png","https://raw.githubusercontent.com/shahinalzalam9-web/Drip-Photos/main/7300054/6-%E7%BB%91%E5%B8%A6%E6%89%8B%E6%9C%BA%E7%A3%81%E5%90%B8%E6%94%AF%E6%9E%B6.png"
"7300054","7-绑带手机磁吸支架.png","https://raw.githubusercontent.com/shahinalzalam9-web/Drip-Photos/main/7300054/7-%E7%BB%91%E5%B8%A6%E6%89%8B%E6%9C%BA%E7%A3%81%E5%90%B8%E6%94%AF%E6%9E%B6.png"
"7300055","01.png","https://raw.githubusercontent.com/shahinalzalam9-web/Drip-Photos/main/7300055/01.png"
"7300055","02.png","https://raw.githubusercontent.com/shahinalzalam9-web/Drip-Photos/main/7300055/02.png"
"7300055","03.png","https://raw.githubusercontent.com/shahinalzalam9-web/Drip-Photos/main/7300055/03.png"
"7300055","04.png","https://raw.githubusercontent.com/shahinalzalam9-web/Drip-Photos/main/7300055/04.png"
"7300055","05.png","https://raw.githubusercontent.com/shahinalzalam9-web/Drip-Photos/main/7300055/05.png"
"7300056","01.png","https://raw.githubusercontent.com/shahinalzalam9-web/Drip-Photos/main/7300056/01.png"
"7300056","02.png","https://raw.githubusercontent.com/shahinalzalam9-web/Drip-Photos/main/7300056/02.png"
"7300056","03.png","https://raw.githubusercontent.com/shahinalzalam9-web/Drip-Photos/main/7300056/03.png"
"7300056","04.png","https://raw.githubusercontent.com/shahinalzalam9-web/Drip-Photos/main/7300056/04.png"
"7300056","05.jpg","https://raw.githubusercontent.com/shahinalzalam9-web/Drip-Photos/main/7300056/05.jpg"
"7300057","Q11支架1.png","https://raw.githubusercontent.com/shahinalzalam9-web/Drip-Photos/main/7300057/Q11%E6%94%AF%E6%9E%B61.png"
"7300057","Q11支架2.png","https://raw.githubusercontent.com/shahinalzalam9-web/Drip-Photos/main/7300057/Q11%E6%94%AF%E6%9E%B62.png"
"7300057","Q11支架3.png","https://raw.githubusercontent.com/shahinalzalam9-web/Drip-Photos/main/7300057/Q11%E6%94%AF%E6%9E%B63.png"
"7300057","Q11支架4.png","https://raw.githubusercontent.com/shahinalzalam9-web/Drip-Photos/main/7300057/Q11%E6%94%AF%E6%9E%B64.png"
"7300057","Q11支架5.png","https://raw.githubusercontent.com/shahinalzalam9-web/Drip-Photos/main/7300057/Q11%E6%94%AF%E6%9E%B65.png"
"7300058","1-K11 吸盘磁吸手机支架.jpg","https://raw.githubusercontent.com/shahinalzalam9-web/Drip-Photos/main/7300058/1-K11%20%E5%90%B8%E7%9B%98%E7%A3%81%E5%90%B8%E6%89%8B%E6%9C%BA%E6%94%AF%E6%9E%B6.jpg"
"7300058","2-K11 吸盘磁吸手机支架.jpg","https://raw.githubusercontent.com/shahinalzalam9-web/Drip-Photos/main/7300058/2-K11%20%E5%90%B8%E7%9B%98%E7%A3%81%E5%90%B8%E6%89%8B%E6%9C%BA%E6%94%AF%E6%9E%B6.jpg"
"7300058","3-K11 吸盘磁吸手机支架.jpg","https://raw.githubusercontent.com/shahinalzalam9-web/Drip-Photos/main/7300058/3-K11%20%E5%90%B8%E7%9B%98%E7%A3%81%E5%90%B8%E6%89%8B%E6%9C%BA%E6%94%AF%E6%9E%B6.jpg"
"7300058","4-K11 吸盘磁吸手机支架.jpg","https://raw.githubusercontent.com/shahinalzalam9-web/Drip-Photos/main/7300058/4-K11%20%E5%90%B8%E7%9B%98%E7%A3%81%E5%90%B8%E6%89%8B%E6%9C%BA%E6%94%AF%E6%9E%B6.jpg"
"7300058","5-K11 吸盘磁吸手机支架.jpg","https://raw.githubusercontent.com/shahinalzalam9-web/Drip-Photos/main/7300058/5-K11%20%E5%90%B8%E7%9B%98%E7%A3%81%E5%90%B8%E6%89%8B%E6%9C%BA%E6%94%AF%E6%9E%B6.jpg"
"7300059","D1X支架1.png","https://raw.githubusercontent.com/shahinalzalam9-web/Drip-Photos/main/7300059/D1X%E6%94%AF%E6%9E%B61.png"
"7300059","D1X支架2.png","https://raw.githubusercontent.com/shahinalzalam9-web/Drip-Photos/main/7300059/D1X%E6%94%AF%E6%9E%B62.png"
"7300059","D1X支架3.png","https://raw.githubusercontent.com/shahinalzalam9-web/Drip-Photos/main/7300059/D1X%E6%94%AF%E6%9E%B63.png"
"7300059","D1X支架4.png","https://raw.githubusercontent.com/shahinalzalam9-web/Drip-Photos/main/7300059/D1X%E6%94%AF%E6%9E%B64.png"
"7300059","D1X支架5.png","https://raw.githubusercontent.com/shahinalzalam9-web/Drip-Photos/main/7300059/D1X%E6%94%AF%E6%9E%B65.png"
"7300060","S11支架1.png","https://raw.githubusercontent.com/shahinalzalam9-web/Drip-Photos/main/7300060/S11%E6%94%AF%E6%9E%B61.png"
"7300060","S11支架2.png","https://raw.githubusercontent.com/shahinalzalam9-web/Drip-Photos/main/7300060/S11%E6%94%AF%E6%9E%B62.png"
"7300060","S11支架3.png","https://raw.githubusercontent.com/shahinalzalam9-web/Drip-Photos/main/7300060/S11%E6%94%AF%E6%9E%B63.png"
"7300060","S11支架4.png","https://raw.githubusercontent.com/shahinalzalam9-web/Drip-Photos/main/7300060/S11%E6%94%AF%E6%9E%B64.png"
"7300060","S11支架5.jpg","https://raw.githubusercontent.com/shahinalzalam9-web/Drip-Photos/main/7300060/S11%E6%94%AF%E6%9E%B65.jpg"
"7300061","白磁吸水杯1.png","https://raw.githubusercontent.com/shahinalzalam9-web/Drip-Photos/main/7300061/%E7%99%BD%E7%A3%81%E5%90%B8%E6%B0%B4%E6%9D%AF1.png"
"7300061","白磁吸水杯2.png","https://raw.githubusercontent.com/shahinalzalam9-web/Drip-Photos/main/7300061/%E7%99%BD%E7%A3%81%E5%90%B8%E6%B0%B4%E6%9D%AF2.png"
"7300061","白磁吸水杯3.png","https://raw.githubusercontent.com/shahinalzalam9-web/Drip-Photos/main/7300061/%E7%99%BD%E7%A3%81%E5%90%B8%E6%B0%B4%E6%9D%AF3.png"
"7300061","白磁吸水杯4.png","https://raw.githubusercontent.com/shahinalzalam9-web/Drip-Photos/main/7300061/%E7%99%BD%E7%A3%81%E5%90%B8%E6%B0%B4%E6%9D%AF4.png"
"7300061","白磁吸水杯5.jpg","https://raw.githubusercontent.com/shahinalzalam9-web/Drip-Photos/main/7300061/%E7%99%BD%E7%A3%81%E5%90%B8%E6%B0%B4%E6%9D%AF5.jpg"
"7300062","黑磁吸水杯1.png","https://raw.githubusercontent.com/shahinalzalam9-web/Drip-Photos/main/7300062/%E9%BB%91%E7%A3%81%E5%90%B8%E6%B0%B4%E6%9D%AF1.png"
"7300062","黑磁吸水杯2.png","https://raw.githubusercontent.com/shahinalzalam9-web/Drip-Photos/main/7300062/%E9%BB%91%E7%A3%81%E5%90%B8%E6%B0%B4%E6%9D%AF2.png"
"7300062","黑磁吸水杯3.png","https://raw.githubusercontent.com/shahinalzalam9-web/Drip-Photos/main/7300062/%E9%BB%91%E7%A3%81%E5%90%B8%E6%B0%B4%E6%9D%AF3.png"
"7300062","黑磁吸水杯4.png","https://raw.githubusercontent.com/shahinalzalam9-web/Drip-Photos/main/7300062/%E9%BB%91%E7%A3%81%E5%90%B8%E6%B0%B4%E6%9D%AF4.png"
"7300062","黑磁吸水杯5.png","https://raw.githubusercontent.com/shahinalzalam9-web/Drip-Photos/main/7300062/%E9%BB%91%E7%A3%81%E5%90%B8%E6%B0%B4%E6%9D%AF5.png"
"7300063","1.jpg（副本）.jpg","https://raw.githubusercontent.com/shahinalzalam9-web/Drip-Photos/main/7300063/1.jpg%EF%BC%88%E5%89%AF%E6%9C%AC%EF%BC%89.jpg"
"7300063","141x75cm.jpg","https://raw.githubusercontent.com/shahinalzalam9-web/Drip-Photos/main/7300063/141x75cm.jpg"
"7300063","2.jpg（副本）.jpg","https://raw.githubusercontent.com/shahinalzalam9-web/Drip-Photos/main/7300063/2.jpg%EF%BC%88%E5%89%AF%E6%9C%AC%EF%BC%89.jpg"
"7300063","3.jpg（副本）.jpg","https://raw.githubusercontent.com/shahinalzalam9-web/Drip-Photos/main/7300063/3.jpg%EF%BC%88%E5%89%AF%E6%9C%AC%EF%BC%89.jpg"
"7300063","4.jpg（副本）.jpg","https://raw.githubusercontent.com/shahinalzalam9-web/Drip-Photos/main/7300063/4.jpg%EF%BC%88%E5%89%AF%E6%9C%AC%EF%BC%89.jpg"
"7300063","5.jpg（副本）.jpg","https://raw.githubusercontent.com/shahinalzalam9-web/Drip-Photos/main/7300063/5.jpg%EF%BC%88%E5%89%AF%E6%9C%AC%EF%BC%89.jpg"
"7300064","1.jpg","https://raw.githubusercontent.com/shahinalzalam9-web/Drip-Photos/main/7300064/1.jpg"
"7300064","131x69cm.jpg","https://raw.githubusercontent.com/shahinalzalam9-web/Drip-Photos/main/7300064/131x69cm.jpg"
"7300064","2.jpg","https://raw.githubusercontent.com/shahinalzalam9-web/Drip-Photos/main/7300064/2.jpg"
"7300064","3.jpg","https://raw.githubusercontent.com/shahinalzalam9-web/Drip-Photos/main/7300064/3.jpg"
"7300064","4.jpg","https://raw.githubusercontent.com/shahinalzalam9-web/Drip-Photos/main/7300064/4.jpg"
"7300064","5.jpg","https://raw.githubusercontent.com/shahinalzalam9-web/Drip-Photos/main/7300064/5.jpg"
"7300065","iPhone 15 Pro 黑色.jpg","https://raw.githubusercontent.com/shahinalzalam9-web/Drip-Photos/main/7300065/iPhone%2015%20Pro%20%E9%BB%91%E8%89%B2.jpg"
"7300065","iPhone 15 Pro.jpg","https://raw.githubusercontent.com/shahinalzalam9-web/Drip-Photos/main/7300065/iPhone%2015%20Pro.jpg"
"7300066","iPhone 15 Pro 钛灰.jpg","https://raw.githubusercontent.com/shahinalzalam9-web/Drip-Photos/main/7300066/iPhone%2015%20Pro%20%E9%92%9B%E7%81%B0.jpg"
"7300066","iPhone 15 Pro.jpg（副本）.jpg","https://raw.githubusercontent.com/shahinalzalam9-web/Drip-Photos/main/7300066/iPhone%2015%20Pro.jpg%EF%BC%88%E5%89%AF%E6%9C%AC%EF%BC%89.jpg"
"7300067","iPhone 15 Pro 银色.jpg","https://raw.githubusercontent.com/shahinalzalam9-web/Drip-Photos/main/7300067/iPhone%2015%20Pro%20%E9%93%B6%E8%89%B2.jpg"
"7300067","iPhone 15 Pro.jpg（副本）.jpg","https://raw.githubusercontent.com/shahinalzalam9-web/Drip-Photos/main/7300067/iPhone%2015%20Pro.jpg%EF%BC%88%E5%89%AF%E6%9C%AC%EF%BC%89.jpg"
"7300068","iPhone 15 Pro Max.jpg","https://raw.githubusercontent.com/shahinalzalam9-web/Drip-Photos/main/7300068/iPhone%2015%20Pro%20Max.jpg"
"7300068","iPhone 15 Pro 黑色.jpg（副本）.jpg","https://raw.githubusercontent.com/shahinalzalam9-web/Drip-Photos/main/7300068/iPhone%2015%20Pro%20%E9%BB%91%E8%89%B2.jpg%EF%BC%88%E5%89%AF%E6%9C%AC%EF%BC%89.jpg"
"7300070","iPhone 15 Pro Max.jpg（副本）.jpg","https://raw.githubusercontent.com/shahinalzalam9-web/Drip-Photos/main/7300070/iPhone%2015%20Pro%20Max.jpg%EF%BC%88%E5%89%AF%E6%9C%AC%EF%BC%89.jpg"
"7300070","iPhone 15 Pro 银色.jpg（副本）.jpg","https://raw.githubusercontent.com/shahinalzalam9-web/Drip-Photos/main/7300070/iPhone%2015%20Pro%20%E9%93%B6%E8%89%B2.jpg%EF%BC%88%E5%89%AF%E6%9C%AC%EF%BC%89.jpg"
"7300071","iPhone 16 Pro Max.jpg（副本）.jpg","https://raw.githubusercontent.com/shahinalzalam9-web/Drip-Photos/main/7300071/iPhone%2016%20Pro%20Max.jpg%EF%BC%88%E5%89%AF%E6%9C%AC%EF%BC%89.jpg"
"7300071","iPhone 16 Pro 黑色.jpg（副本）.jpg","https://raw.githubusercontent.com/shahinalzalam9-web/Drip-Photos/main/7300071/iPhone%2016%20Pro%20%E9%BB%91%E8%89%B2.jpg%EF%BC%88%E5%89%AF%E6%9C%AC%EF%BC%89.jpg"
"7300075","iPhone 16 Pro 黑色.jpg","https://raw.githubusercontent.com/shahinalzalam9-web/Drip-Photos/main/7300075/iPhone%2016%20Pro%20%E9%BB%91%E8%89%B2.jpg"
"7300075","iPhone 16 Pro.jpg（副本）.jpg","https://raw.githubusercontent.com/shahinalzalam9-web/Drip-Photos/main/7300075/iPhone%2016%20Pro.jpg%EF%BC%88%E5%89%AF%E6%9C%AC%EF%BC%89.jpg"
"7300090","黑色磁吸圈包装图2.0.jpg","https://raw.githubusercontent.com/shahinalzalam9-web/Drip-Photos/main/7300090/%E9%BB%91%E8%89%B2%E7%A3%81%E5%90%B8%E5%9C%88%E5%8C%85%E8%A3%85%E5%9B%BE2.0.jpg"
"7300090","黑色磁吸圈白底图.jpg","https://raw.githubusercontent.com/shahinalzalam9-web/Drip-Photos/main/7300090/%E9%BB%91%E8%89%B2%E7%A3%81%E5%90%B8%E5%9C%88%E7%99%BD%E5%BA%95%E5%9B%BE.jpg"
"7300091","黑色磁吸圈白底图.jpg","https://raw.githubusercontent.com/shahinalzalam9-web/Drip-Photos/main/7300091/%E9%BB%91%E8%89%B2%E7%A3%81%E5%90%B8%E5%9C%88%E7%99%BD%E5%BA%95%E5%9B%BE.jpg"
"7300094","1-场景通用.jpg","https://raw.githubusercontent.com/shahinalzalam9-web/Drip-Photos/main/7300094/1-%E5%9C%BA%E6%99%AF%E9%80%9A%E7%94%A8.jpg"
"7300094","2-场景通用.jpg","https://raw.githubusercontent.com/shahinalzalam9-web/Drip-Photos/main/7300094/2-%E5%9C%BA%E6%99%AF%E9%80%9A%E7%94%A8.jpg"
"7300094","3-场景通用.jpg","https://raw.githubusercontent.com/shahinalzalam9-web/Drip-Photos/main/7300094/3-%E5%9C%BA%E6%99%AF%E9%80%9A%E7%94%A8.jpg"
"7300094","4-场景通用.jpg","https://raw.githubusercontent.com/shahinalzalam9-web/Drip-Photos/main/7300094/4-%E5%9C%BA%E6%99%AF%E9%80%9A%E7%94%A8.jpg"
"7300094","白色磁吸圈包装图 2.0.jpg","https://raw.githubusercontent.com/shahinalzalam9-web/Drip-Photos/main/7300094/%E7%99%BD%E8%89%B2%E7%A3%81%E5%90%B8%E5%9C%88%E5%8C%85%E8%A3%85%E5%9B%BE%202.0.jpg"
"7300094","白色磁吸圈白底图.jpg（副本）.jpg","https://raw.githubusercontent.com/shahinalzalam9-web/Drip-Photos/main/7300094/%E7%99%BD%E8%89%B2%E7%A3%81%E5%90%B8%E5%9C%88%E7%99%BD%E5%BA%95%E5%9B%BE.jpg%EF%BC%88%E5%89%AF%E6%9C%AC%EF%BC%89.jpg"
"7300095","白色磁吸圈白底图.jpg","https://raw.githubusercontent.com/shahinalzalam9-web/Drip-Photos/main/7300095/%E7%99%BD%E8%89%B2%E7%A3%81%E5%90%B8%E5%9C%88%E7%99%BD%E5%BA%95%E5%9B%BE.jpg"
"7300098","钛灰色磁吸圈包装图2.0.jpg","https://raw.githubusercontent.com/shahinalzalam9-web/Drip-Photos/main/7300098/%E9%92%9B%E7%81%B0%E8%89%B2%E7%A3%81%E5%90%B8%E5%9C%88%E5%8C%85%E8%A3%85%E5%9B%BE2.0.jpg"
"7300098","钛灰色磁吸圈白底图.jpg","https://raw.githubusercontent.com/shahinalzalam9-web/Drip-Photos/main/7300098/%E9%92%9B%E7%81%B0%E8%89%B2%E7%A3%81%E5%90%B8%E5%9C%88%E7%99%BD%E5%BA%95%E5%9B%BE.jpg"
"7300099","钛灰色磁吸圈白底图.jpg","https://raw.githubusercontent.com/shahinalzalam9-web/Drip-Photos/main/7300099/%E9%92%9B%E7%81%B0%E8%89%B2%E7%A3%81%E5%90%B8%E5%9C%88%E7%99%BD%E5%BA%95%E5%9B%BE.jpg"
"7300100","沙漠金磁吸圈包装图2.0.jpg","https://raw.githubusercontent.com/shahinalzalam9-web/Drip-Photos/main/7300100/%E6%B2%99%E6%BC%A0%E9%87%91%E7%A3%81%E5%90%B8%E5%9C%88%E5%8C%85%E8%A3%85%E5%9B%BE2.0.jpg"
"7300100","沙漠金磁吸圈白底图.jpg","https://raw.githubusercontent.com/shahinalzalam9-web/Drip-Photos/main/7300100/%E6%B2%99%E6%BC%A0%E9%87%91%E7%A3%81%E5%90%B8%E5%9C%88%E7%99%BD%E5%BA%95%E5%9B%BE.jpg"
"7300102","1-旅行折叠磁吸手机支架 L01.jpg","https://raw.githubusercontent.com/shahinalzalam9-web/Drip-Photos/main/7300102/1-%E6%97%85%E8%A1%8C%E6%8A%98%E5%8F%A0%E7%A3%81%E5%90%B8%E6%89%8B%E6%9C%BA%E6%94%AF%E6%9E%B6%20L01.jpg"
"7300102","2-旅行折叠磁吸手机支架 L01.jpg","https://raw.githubusercontent.com/shahinalzalam9-web/Drip-Photos/main/7300102/2-%E6%97%85%E8%A1%8C%E6%8A%98%E5%8F%A0%E7%A3%81%E5%90%B8%E6%89%8B%E6%9C%BA%E6%94%AF%E6%9E%B6%20L01.jpg"
"7300102","3-旅行折叠磁吸手机支架 L01.jpg","https://raw.githubusercontent.com/shahinalzalam9-web/Drip-Photos/main/7300102/3-%E6%97%85%E8%A1%8C%E6%8A%98%E5%8F%A0%E7%A3%81%E5%90%B8%E6%89%8B%E6%9C%BA%E6%94%AF%E6%9E%B6%20L01.jpg"
"7300102","4-旅行折叠磁吸手机支架 L01.jpg","https://raw.githubusercontent.com/shahinalzalam9-web/Drip-Photos/main/7300102/4-%E6%97%85%E8%A1%8C%E6%8A%98%E5%8F%A0%E7%A3%81%E5%90%B8%E6%89%8B%E6%9C%BA%E6%94%AF%E6%9E%B6%20L01.jpg"
"7300102","5-旅行折叠磁吸手机支架 L01.jpg","https://raw.githubusercontent.com/shahinalzalam9-web/Drip-Photos/main/7300102/5-%E6%97%85%E8%A1%8C%E6%8A%98%E5%8F%A0%E7%A3%81%E5%90%B8%E6%89%8B%E6%9C%BA%E6%94%AF%E6%9E%B6%20L01.jpg"
"7300102","6-旅行折叠磁吸手机支架 L01.jpg","https://raw.githubusercontent.com/shahinalzalam9-web/Drip-Photos/main/7300102/6-%E6%97%85%E8%A1%8C%E6%8A%98%E5%8F%A0%E7%A3%81%E5%90%B8%E6%89%8B%E6%9C%BA%E6%94%AF%E6%9E%B6%20L01.jpg"
"7300103","1-磁吸车载屏幕手机支架.jpg","https://raw.githubusercontent.com/shahinalzalam9-web/Drip-Photos/main/7300103/1-%E7%A3%81%E5%90%B8%E8%BD%A6%E8%BD%BD%E5%B1%8F%E5%B9%95%E6%89%8B%E6%9C%BA%E6%94%AF%E6%9E%B6.jpg"
"7300103","2-磁吸车载屏幕手机支架.jpg","https://raw.githubusercontent.com/shahinalzalam9-web/Drip-Photos/main/7300103/2-%E7%A3%81%E5%90%B8%E8%BD%A6%E8%BD%BD%E5%B1%8F%E5%B9%95%E6%89%8B%E6%9C%BA%E6%94%AF%E6%9E%B6.jpg"
"7300103","3-磁吸车载屏幕手机支架.jpg","https://raw.githubusercontent.com/shahinalzalam9-web/Drip-Photos/main/7300103/3-%E7%A3%81%E5%90%B8%E8%BD%A6%E8%BD%BD%E5%B1%8F%E5%B9%95%E6%89%8B%E6%9C%BA%E6%94%AF%E6%9E%B6.jpg"
"7300103","4-磁吸车载屏幕手机支架.jpg","https://raw.githubusercontent.com/shahinalzalam9-web/Drip-Photos/main/7300103/4-%E7%A3%81%E5%90%B8%E8%BD%A6%E8%BD%BD%E5%B1%8F%E5%B9%95%E6%89%8B%E6%9C%BA%E6%94%AF%E6%9E%B6.jpg"
"7300103","5-磁吸车载屏幕手机支架.jpg","https://raw.githubusercontent.com/shahinalzalam9-web/Drip-Photos/main/7300103/5-%E7%A3%81%E5%90%B8%E8%BD%A6%E8%BD%BD%E5%B1%8F%E5%B9%95%E6%89%8B%E6%9C%BA%E6%94%AF%E6%9E%B6.jpg"
"7300104","TL22 1.jpg","https://raw.githubusercontent.com/shahinalzalam9-web/Drip-Photos/main/7300104/TL22%201.jpg"
"7300104","TL22 2.jpg","https://raw.githubusercontent.com/shahinalzalam9-web/Drip-Photos/main/7300104/TL22%202.jpg"
"7300104","TL22 3.jpg","https://raw.githubusercontent.com/shahinalzalam9-web/Drip-Photos/main/7300104/TL22%203.jpg"
"7300104","TL22 4.jpg","https://raw.githubusercontent.com/shahinalzalam9-web/Drip-Photos/main/7300104/TL22%204.jpg"
"7300104","TL22 5.jpg","https://raw.githubusercontent.com/shahinalzalam9-web/Drip-Photos/main/7300104/TL22%205.jpg"
"7300105","X42 1.jpg","https://raw.githubusercontent.com/shahinalzalam9-web/Drip-Photos/main/7300105/X42%201.jpg"
"7300105","X42 2.jpg","https://raw.githubusercontent.com/shahinalzalam9-web/Drip-Photos/main/7300105/X42%202.jpg"
"7300105","X42 3.jpg","https://raw.githubusercontent.com/shahinalzalam9-web/Drip-Photos/main/7300105/X42%203.jpg"
"7300105","X42 4v.jpg","https://raw.githubusercontent.com/shahinalzalam9-web/Drip-Photos/main/7300105/X42%204v.jpg"
"7300105","X42 5.jpg","https://raw.githubusercontent.com/shahinalzalam9-web/Drip-Photos/main/7300105/X42%205.jpg"
"7300106","TH06 1.jpg","https://raw.githubusercontent.com/shahinalzalam9-web/Drip-Photos/main/7300106/TH06%201.jpg"
"7300106","TH06 2.jpg","https://raw.githubusercontent.com/shahinalzalam9-web/Drip-Photos/main/7300106/TH06%202.jpg"
"7300106","TH06 3.jpg","https://raw.githubusercontent.com/shahinalzalam9-web/Drip-Photos/main/7300106/TH06%203.jpg"
"7300106","TH06 4.jpg","https://raw.githubusercontent.com/shahinalzalam9-web/Drip-Photos/main/7300106/TH06%204.jpg"
"7300106","TH06 5.jpg","https://raw.githubusercontent.com/shahinalzalam9-web/Drip-Photos/main/7300106/TH06%205.jpg"
"7300107","1.jpg","https://raw.githubusercontent.com/shahinalzalam9-web/Drip-Photos/main/7300107/1.jpg"
"7300107","2.jpg","https://raw.githubusercontent.com/shahinalzalam9-web/Drip-Photos/main/7300107/2.jpg"
"7300107","3.jpg","https://raw.githubusercontent.com/shahinalzalam9-web/Drip-Photos/main/7300107/3.jpg"
"7300107","4.jpg","https://raw.githubusercontent.com/shahinalzalam9-web/Drip-Photos/main/7300107/4.jpg"
"7300108","1-吸盘磁吸手机支架-U型折叠款.jpg","https://raw.githubusercontent.com/shahinalzalam9-web/Drip-Photos/main/7300108/1-%E5%90%B8%E7%9B%98%E7%A3%81%E5%90%B8%E6%89%8B%E6%9C%BA%E6%94%AF%E6%9E%B6-U%E5%9E%8B%E6%8A%98%E5%8F%A0%E6%AC%BE.jpg"
"7300108","2-吸盘磁吸手机支架-U型折叠款.jpg","https://raw.githubusercontent.com/shahinalzalam9-web/Drip-Photos/main/7300108/2-%E5%90%B8%E7%9B%98%E7%A3%81%E5%90%B8%E6%89%8B%E6%9C%BA%E6%94%AF%E6%9E%B6-U%E5%9E%8B%E6%8A%98%E5%8F%A0%E6%AC%BE.jpg"
"7300108","3-吸盘磁吸手机支架-U型折叠款.jpg","https://raw.githubusercontent.com/shahinalzalam9-web/Drip-Photos/main/7300108/3-%E5%90%B8%E7%9B%98%E7%A3%81%E5%90%B8%E6%89%8B%E6%9C%BA%E6%94%AF%E6%9E%B6-U%E5%9E%8B%E6%8A%98%E5%8F%A0%E6%AC%BE.jpg"
"7300108","4-吸盘磁吸手机支架-U型折叠款.jpg","https://raw.githubusercontent.com/shahinalzalam9-web/Drip-Photos/main/7300108/4-%E5%90%B8%E7%9B%98%E7%A3%81%E5%90%B8%E6%89%8B%E6%9C%BA%E6%94%AF%E6%9E%B6-U%E5%9E%8B%E6%8A%98%E5%8F%A0%E6%AC%BE.jpg"
"7300108","5-吸盘磁吸手机支架-U型折叠款.jpg","https://raw.githubusercontent.com/shahinalzalam9-web/Drip-Photos/main/7300108/5-%E5%90%B8%E7%9B%98%E7%A3%81%E5%90%B8%E6%89%8B%E6%9C%BA%E6%94%AF%E6%9E%B6-U%E5%9E%8B%E6%8A%98%E5%8F%A0%E6%AC%BE.jpg"
"7300108","6-吸盘磁吸手机支架-U型折叠款.jpg","https://raw.githubusercontent.com/shahinalzalam9-web/Drip-Photos/main/7300108/6-%E5%90%B8%E7%9B%98%E7%A3%81%E5%90%B8%E6%89%8B%E6%9C%BA%E6%94%AF%E6%9E%B6-U%E5%9E%8B%E6%8A%98%E5%8F%A0%E6%AC%BE.jpg"
"7300109","1-吸盘磁吸手机支架.jpg","https://raw.githubusercontent.com/shahinalzalam9-web/Drip-Photos/main/7300109/1-%E5%90%B8%E7%9B%98%E7%A3%81%E5%90%B8%E6%89%8B%E6%9C%BA%E6%94%AF%E6%9E%B6.jpg"
"7300109","2-吸盘磁吸手机支架.jpg","https://raw.githubusercontent.com/shahinalzalam9-web/Drip-Photos/main/7300109/2-%E5%90%B8%E7%9B%98%E7%A3%81%E5%90%B8%E6%89%8B%E6%9C%BA%E6%94%AF%E6%9E%B6.jpg"
"7300109","3-吸盘磁吸手机支架.jpg","https://raw.githubusercontent.com/shahinalzalam9-web/Drip-Photos/main/7300109/3-%E5%90%B8%E7%9B%98%E7%A3%81%E5%90%B8%E6%89%8B%E6%9C%BA%E6%94%AF%E6%9E%B6.jpg"
"7300109","4-吸盘磁吸手机支架.jpg","https://raw.githubusercontent.com/shahinalzalam9-web/Drip-Photos/main/7300109/4-%E5%90%B8%E7%9B%98%E7%A3%81%E5%90%B8%E6%89%8B%E6%9C%BA%E6%94%AF%E6%9E%B6.jpg"
"7300109","5-吸盘磁吸手机支架.jpg","https://raw.githubusercontent.com/shahinalzalam9-web/Drip-Photos/main/7300109/5-%E5%90%B8%E7%9B%98%E7%A3%81%E5%90%B8%E6%89%8B%E6%9C%BA%E6%94%AF%E6%9E%B6.jpg"
"7300114","1-黑色.jpg","https://raw.githubusercontent.com/shahinalzalam9-web/Drip-Photos/main/7300114/1-%E9%BB%91%E8%89%B2.jpg"
"7300114","2-黑色.jpg","https://raw.githubusercontent.com/shahinalzalam9-web/Drip-Photos/main/7300114/2-%E9%BB%91%E8%89%B2.jpg"
"7300114","3-黑色.jpg","https://raw.githubusercontent.com/shahinalzalam9-web/Drip-Photos/main/7300114/3-%E9%BB%91%E8%89%B2.jpg"
"7300114","4-黑色.jpg","https://raw.githubusercontent.com/shahinalzalam9-web/Drip-Photos/main/7300114/4-%E9%BB%91%E8%89%B2.jpg"
"7300115","1-浅灰色.jpg","https://raw.githubusercontent.com/shahinalzalam9-web/Drip-Photos/main/7300115/1-%E6%B5%85%E7%81%B0%E8%89%B2.jpg"
"7300115","2-浅灰色.jpg","https://raw.githubusercontent.com/shahinalzalam9-web/Drip-Photos/main/7300115/2-%E6%B5%85%E7%81%B0%E8%89%B2.jpg"
"7300115","3-浅灰色.jpg","https://raw.githubusercontent.com/shahinalzalam9-web/Drip-Photos/main/7300115/3-%E6%B5%85%E7%81%B0%E8%89%B2.jpg"
"7300115","4-浅灰色.jpg","https://raw.githubusercontent.com/shahinalzalam9-web/Drip-Photos/main/7300115/4-%E6%B5%85%E7%81%B0%E8%89%B2.jpg"
"7300116","1-深灰色.jpg","https://raw.githubusercontent.com/shahinalzalam9-web/Drip-Photos/main/7300116/1-%E6%B7%B1%E7%81%B0%E8%89%B2.jpg"
"7300116","2-深灰色.jpg","https://raw.githubusercontent.com/shahinalzalam9-web/Drip-Photos/main/7300116/2-%E6%B7%B1%E7%81%B0%E8%89%B2.jpg"
"7300116","3-深灰色.jpg","https://raw.githubusercontent.com/shahinalzalam9-web/Drip-Photos/main/7300116/3-%E6%B7%B1%E7%81%B0%E8%89%B2.jpg"
"7300116","4-深灰色.jpg","https://raw.githubusercontent.com/shahinalzalam9-web/Drip-Photos/main/7300116/4-%E6%B7%B1%E7%81%B0%E8%89%B2.jpg"
"7300117","1-白色.jpg","https://raw.githubusercontent.com/shahinalzalam9-web/Drip-Photos/main/7300117/1-%E7%99%BD%E8%89%B2.jpg"
"7300117","2-白色.jpg","https://raw.githubusercontent.com/shahinalzalam9-web/Drip-Photos/main/7300117/2-%E7%99%BD%E8%89%B2.jpg"
"7300117","3-白色.jpg","https://raw.githubusercontent.com/shahinalzalam9-web/Drip-Photos/main/7300117/3-%E7%99%BD%E8%89%B2.jpg"
"7300117","4-白色.jpg","https://raw.githubusercontent.com/shahinalzalam9-web/Drip-Photos/main/7300117/4-%E7%99%BD%E8%89%B2.jpg"
"7300118","1-紫色.jpg","https://raw.githubusercontent.com/shahinalzalam9-web/Drip-Photos/main/7300118/1-%E7%B4%AB%E8%89%B2.jpg"
"7300118","2-紫色.jpg","https://raw.githubusercontent.com/shahinalzalam9-web/Drip-Photos/main/7300118/2-%E7%B4%AB%E8%89%B2.jpg"
"7300118","3-紫色.jpg","https://raw.githubusercontent.com/shahinalzalam9-web/Drip-Photos/main/7300118/3-%E7%B4%AB%E8%89%B2.jpg"
"7300118","4-紫色.jpg","https://raw.githubusercontent.com/shahinalzalam9-web/Drip-Photos/main/7300118/4-%E7%B4%AB%E8%89%B2.jpg"
"7300119","1-粉色.jpg","https://raw.githubusercontent.com/shahinalzalam9-web/Drip-Photos/main/7300119/1-%E7%B2%89%E8%89%B2.jpg"
"7300119","2-粉色.jpg","https://raw.githubusercontent.com/shahinalzalam9-web/Drip-Photos/main/7300119/2-%E7%B2%89%E8%89%B2.jpg"
"7300119","3-粉色.jpg","https://raw.githubusercontent.com/shahinalzalam9-web/Drip-Photos/main/7300119/3-%E7%B2%89%E8%89%B2.jpg"
"7300119","4-粉色.jpg","https://raw.githubusercontent.com/shahinalzalam9-web/Drip-Photos/main/7300119/4-%E7%B2%89%E8%89%B2.jpg"
"7300120","1-浅粉色.jpg","https://raw.githubusercontent.com/shahinalzalam9-web/Drip-Photos/main/7300120/1-%E6%B5%85%E7%B2%89%E8%89%B2.jpg"
"7300120","2-浅粉色.jpg","https://raw.githubusercontent.com/shahinalzalam9-web/Drip-Photos/main/7300120/2-%E6%B5%85%E7%B2%89%E8%89%B2.jpg"
"7300120","3-浅粉色.jpg","https://raw.githubusercontent.com/shahinalzalam9-web/Drip-Photos/main/7300120/3-%E6%B5%85%E7%B2%89%E8%89%B2.jpg"
"7300120","4-浅粉色.jpg","https://raw.githubusercontent.com/shahinalzalam9-web/Drip-Photos/main/7300120/4-%E6%B5%85%E7%B2%89%E8%89%B2.jpg"
"7300121","1-橙色.jpg","https://raw.githubusercontent.com/shahinalzalam9-web/Drip-Photos/main/7300121/1-%E6%A9%99%E8%89%B2.jpg"
"7300121","2-橙色.jpg","https://raw.githubusercontent.com/shahinalzalam9-web/Drip-Photos/main/7300121/2-%E6%A9%99%E8%89%B2.jpg"
"7300121","3-橙色.jpg","https://raw.githubusercontent.com/shahinalzalam9-web/Drip-Photos/main/7300121/3-%E6%A9%99%E8%89%B2.jpg"
"7300121","4-橙色.jpg","https://raw.githubusercontent.com/shahinalzalam9-web/Drip-Photos/main/7300121/4-%E6%A9%99%E8%89%B2.jpg"
"7300122","1-红色.jpg","https://raw.githubusercontent.com/shahinalzalam9-web/Drip-Photos/main/7300122/1-%E7%BA%A2%E8%89%B2.jpg"
"7300122","2-红色.jpg","https://raw.githubusercontent.com/shahinalzalam9-web/Drip-Photos/main/7300122/2-%E7%BA%A2%E8%89%B2.jpg"
"7300122","3-红色.jpg","https://raw.githubusercontent.com/shahinalzalam9-web/Drip-Photos/main/7300122/3-%E7%BA%A2%E8%89%B2.jpg"
"7300122","4-红色.jpg","https://raw.githubusercontent.com/shahinalzalam9-web/Drip-Photos/main/7300122/4-%E7%BA%A2%E8%89%B2.jpg"
"7300123","1-绿色.jpg","https://raw.githubusercontent.com/shahinalzalam9-web/Drip-Photos/main/7300123/1-%E7%BB%BF%E8%89%B2.jpg"
"7300123","2-绿色.jpg","https://raw.githubusercontent.com/shahinalzalam9-web/Drip-Photos/main/7300123/2-%E7%BB%BF%E8%89%B2.jpg"
"7300123","3-绿色.jpg","https://raw.githubusercontent.com/shahinalzalam9-web/Drip-Photos/main/7300123/3-%E7%BB%BF%E8%89%B2.jpg"
"7300123","4-绿色.jpg","https://raw.githubusercontent.com/shahinalzalam9-web/Drip-Photos/main/7300123/4-%E7%BB%BF%E8%89%B2.jpg"
"7300124","1-黄色.jpg","https://raw.githubusercontent.com/shahinalzalam9-web/Drip-Photos/main/7300124/1-%E9%BB%84%E8%89%B2.jpg"
"7300124","2-黄色.jpg","https://raw.githubusercontent.com/shahinalzalam9-web/Drip-Photos/main/7300124/2-%E9%BB%84%E8%89%B2.jpg"
"7300124","3-黄色.jpg","https://raw.githubusercontent.com/shahinalzalam9-web/Drip-Photos/main/7300124/3-%E9%BB%84%E8%89%B2.jpg"
"7300124","4-黄色.jpg","https://raw.githubusercontent.com/shahinalzalam9-web/Drip-Photos/main/7300124/4-%E9%BB%84%E8%89%B2.jpg"
"7300125","1-透明色.jpg","https://raw.githubusercontent.com/shahinalzalam9-web/Drip-Photos/main/7300125/1-%E9%80%8F%E6%98%8E%E8%89%B2.jpg"
"7300125","2-透明色.jpg","https://raw.githubusercontent.com/shahinalzalam9-web/Drip-Photos/main/7300125/2-%E9%80%8F%E6%98%8E%E8%89%B2.jpg"
"7300125","3-透明色.jpg","https://raw.githubusercontent.com/shahinalzalam9-web/Drip-Photos/main/7300125/3-%E9%80%8F%E6%98%8E%E8%89%B2.jpg"
"7300125","4-透明色.jpg","https://raw.githubusercontent.com/shahinalzalam9-web/Drip-Photos/main/7300125/4-%E9%80%8F%E6%98%8E%E8%89%B2.jpg"
"7300126","1-浅紫色.jpg","https://raw.githubusercontent.com/shahinalzalam9-web/Drip-Photos/main/7300126/1-%E6%B5%85%E7%B4%AB%E8%89%B2.jpg"
"7300126","2-浅紫色.jpg","https://raw.githubusercontent.com/shahinalzalam9-web/Drip-Photos/main/7300126/2-%E6%B5%85%E7%B4%AB%E8%89%B2.jpg"
"7300126","3-浅紫色.jpg","https://raw.githubusercontent.com/shahinalzalam9-web/Drip-Photos/main/7300126/3-%E6%B5%85%E7%B4%AB%E8%89%B2.jpg"
"7300126","4-浅紫色.jpg","https://raw.githubusercontent.com/shahinalzalam9-web/Drip-Photos/main/7300126/4-%E6%B5%85%E7%B4%AB%E8%89%B2.jpg"
"7300127","1-金色.jpg","https://raw.githubusercontent.com/shahinalzalam9-web/Drip-Photos/main/7300127/1-%E9%87%91%E8%89%B2.jpg"
"7300127","2-金色.jpg","https://raw.githubusercontent.com/shahinalzalam9-web/Drip-Photos/main/7300127/2-%E9%87%91%E8%89%B2.jpg"
"7300127","3-金色.jpg","https://raw.githubusercontent.com/shahinalzalam9-web/Drip-Photos/main/7300127/3-%E9%87%91%E8%89%B2.jpg"
"7300127","4-金色.jpg","https://raw.githubusercontent.com/shahinalzalam9-web/Drip-Photos/main/7300127/4-%E9%87%91%E8%89%B2.jpg"
"7300128","1-深蓝色.jpg","https://raw.githubusercontent.com/shahinalzalam9-web/Drip-Photos/main/7300128/1-%E6%B7%B1%E8%93%9D%E8%89%B2.jpg"
"7300128","2-深蓝色.jpg","https://raw.githubusercontent.com/shahinalzalam9-web/Drip-Photos/main/7300128/2-%E6%B7%B1%E8%93%9D%E8%89%B2.jpg"
"7300128","3-深蓝色.jpg","https://raw.githubusercontent.com/shahinalzalam9-web/Drip-Photos/main/7300128/3-%E6%B7%B1%E8%93%9D%E8%89%B2.jpg"
"7300128","4-深蓝色.jpg","https://raw.githubusercontent.com/shahinalzalam9-web/Drip-Photos/main/7300128/4-%E6%B7%B1%E8%93%9D%E8%89%B2.jpg"
"7300129","1-湖蓝色.jpg","https://raw.githubusercontent.com/shahinalzalam9-web/Drip-Photos/main/7300129/1-%E6%B9%96%E8%93%9D%E8%89%B2.jpg"
"7300129","2-湖蓝色.jpg","https://raw.githubusercontent.com/shahinalzalam9-web/Drip-Photos/main/7300129/2-%E6%B9%96%E8%93%9D%E8%89%B2.jpg"
"7300129","3-湖蓝色.jpg","https://raw.githubusercontent.com/shahinalzalam9-web/Drip-Photos/main/7300129/3-%E6%B9%96%E8%93%9D%E8%89%B2.jpg"
"7300129","4-湖蓝色.jpg","https://raw.githubusercontent.com/shahinalzalam9-web/Drip-Photos/main/7300129/4-%E6%B9%96%E8%93%9D%E8%89%B2.jpg"
"7300130","1-蓝色.jpg","https://raw.githubusercontent.com/shahinalzalam9-web/Drip-Photos/main/7300130/1-%E8%93%9D%E8%89%B2.jpg"
"7300130","2-蓝色.jpg","https://raw.githubusercontent.com/shahinalzalam9-web/Drip-Photos/main/7300130/2-%E8%93%9D%E8%89%B2.jpg"
"7300130","3-蓝色.jpg","https://raw.githubusercontent.com/shahinalzalam9-web/Drip-Photos/main/7300130/3-%E8%93%9D%E8%89%B2.jpg"
"7300130","4-蓝色.jpg","https://raw.githubusercontent.com/shahinalzalam9-web/Drip-Photos/main/7300130/4-%E8%93%9D%E8%89%B2.jpg"
"7300131","1-圆形追踪器-白色.jpg","https://raw.githubusercontent.com/shahinalzalam9-web/Drip-Photos/main/7300131/1-%E5%9C%86%E5%BD%A2%E8%BF%BD%E8%B8%AA%E5%99%A8-%E7%99%BD%E8%89%B2.jpg"
"7300131","2-圆形追踪器-白色.jpg","https://raw.githubusercontent.com/shahinalzalam9-web/Drip-Photos/main/7300131/2-%E5%9C%86%E5%BD%A2%E8%BF%BD%E8%B8%AA%E5%99%A8-%E7%99%BD%E8%89%B2.jpg"
"7300131","3-圆形追踪器-白色.jpg","https://raw.githubusercontent.com/shahinalzalam9-web/Drip-Photos/main/7300131/3-%E5%9C%86%E5%BD%A2%E8%BF%BD%E8%B8%AA%E5%99%A8-%E7%99%BD%E8%89%B2.jpg"
"7300131","4-圆形追踪器-白色.jpg","https://raw.githubusercontent.com/shahinalzalam9-web/Drip-Photos/main/7300131/4-%E5%9C%86%E5%BD%A2%E8%BF%BD%E8%B8%AA%E5%99%A8-%E7%99%BD%E8%89%B2.jpg"
"7300131","5-圆形追踪器-白色.jpg","https://raw.githubusercontent.com/shahinalzalam9-web/Drip-Photos/main/7300131/5-%E5%9C%86%E5%BD%A2%E8%BF%BD%E8%B8%AA%E5%99%A8-%E7%99%BD%E8%89%B2.jpg"
"7300132","1-圆形追踪器-蓝色.jpg","https://raw.githubusercontent.com/shahinalzalam9-web/Drip-Photos/main/7300132/1-%E5%9C%86%E5%BD%A2%E8%BF%BD%E8%B8%AA%E5%99%A8-%E8%93%9D%E8%89%B2.jpg"
"7300132","2-圆形追踪器-蓝色.jpg","https://raw.githubusercontent.com/shahinalzalam9-web/Drip-Photos/main/7300132/2-%E5%9C%86%E5%BD%A2%E8%BF%BD%E8%B8%AA%E5%99%A8-%E8%93%9D%E8%89%B2.jpg"
"7300132","3-圆形追踪器-蓝色.jpg","https://raw.githubusercontent.com/shahinalzalam9-web/Drip-Photos/main/7300132/3-%E5%9C%86%E5%BD%A2%E8%BF%BD%E8%B8%AA%E5%99%A8-%E8%93%9D%E8%89%B2.jpg"
"7300132","4-圆形追踪器-蓝色.jpg","https://raw.githubusercontent.com/shahinalzalam9-web/Drip-Photos/main/7300132/4-%E5%9C%86%E5%BD%A2%E8%BF%BD%E8%B8%AA%E5%99%A8-%E8%93%9D%E8%89%B2.jpg"
"7300132","5-圆形追踪器-蓝色.jpg","https://raw.githubusercontent.com/shahinalzalam9-web/Drip-Photos/main/7300132/5-%E5%9C%86%E5%BD%A2%E8%BF%BD%E8%B8%AA%E5%99%A8-%E8%93%9D%E8%89%B2.jpg"
"7300133","1-圆形追踪器-粉色.jpg","https://raw.githubusercontent.com/shahinalzalam9-web/Drip-Photos/main/7300133/1-%E5%9C%86%E5%BD%A2%E8%BF%BD%E8%B8%AA%E5%99%A8-%E7%B2%89%E8%89%B2.jpg"
"7300133","2-圆形追踪器-粉色.jpg","https://raw.githubusercontent.com/shahinalzalam9-web/Drip-Photos/main/7300133/2-%E5%9C%86%E5%BD%A2%E8%BF%BD%E8%B8%AA%E5%99%A8-%E7%B2%89%E8%89%B2.jpg"
"7300133","3-圆形追踪器-粉色.jpg","https://raw.githubusercontent.com/shahinalzalam9-web/Drip-Photos/main/7300133/3-%E5%9C%86%E5%BD%A2%E8%BF%BD%E8%B8%AA%E5%99%A8-%E7%B2%89%E8%89%B2.jpg"
"7300133","4-圆形追踪器-粉色.jpg","https://raw.githubusercontent.com/shahinalzalam9-web/Drip-Photos/main/7300133/4-%E5%9C%86%E5%BD%A2%E8%BF%BD%E8%B8%AA%E5%99%A8-%E7%B2%89%E8%89%B2.jpg"
"7300133","5-圆形追踪器-粉色.jpg","https://raw.githubusercontent.com/shahinalzalam9-web/Drip-Photos/main/7300133/5-%E5%9C%86%E5%BD%A2%E8%BF%BD%E8%B8%AA%E5%99%A8-%E7%B2%89%E8%89%B2.jpg"
"7300134","1-圆形追踪器-绿色.jpg","https://raw.githubusercontent.com/shahinalzalam9-web/Drip-Photos/main/7300134/1-%E5%9C%86%E5%BD%A2%E8%BF%BD%E8%B8%AA%E5%99%A8-%E7%BB%BF%E8%89%B2.jpg"
"7300134","2-圆形追踪器-绿色.jpg","https://raw.githubusercontent.com/shahinalzalam9-web/Drip-Photos/main/7300134/2-%E5%9C%86%E5%BD%A2%E8%BF%BD%E8%B8%AA%E5%99%A8-%E7%BB%BF%E8%89%B2.jpg"
"7300134","3-圆形追踪器-绿色.jpg","https://raw.githubusercontent.com/shahinalzalam9-web/Drip-Photos/main/7300134/3-%E5%9C%86%E5%BD%A2%E8%BF%BD%E8%B8%AA%E5%99%A8-%E7%BB%BF%E8%89%B2.jpg"
"7300134","4-圆形追踪器-绿色.jpg","https://raw.githubusercontent.com/shahinalzalam9-web/Drip-Photos/main/7300134/4-%E5%9C%86%E5%BD%A2%E8%BF%BD%E8%B8%AA%E5%99%A8-%E7%BB%BF%E8%89%B2.jpg"
"7300134","5-圆形追踪器-绿色.jpg","https://raw.githubusercontent.com/shahinalzalam9-web/Drip-Photos/main/7300134/5-%E5%9C%86%E5%BD%A2%E8%BF%BD%E8%B8%AA%E5%99%A8-%E7%BB%BF%E8%89%B2.jpg"
"7300135","1-圆形追踪器-黑色.jpg","https://raw.githubusercontent.com/shahinalzalam9-web/Drip-Photos/main/7300135/1-%E5%9C%86%E5%BD%A2%E8%BF%BD%E8%B8%AA%E5%99%A8-%E9%BB%91%E8%89%B2.jpg"
"7300135","2-圆形追踪器-黑色.jpg","https://raw.githubusercontent.com/shahinalzalam9-web/Drip-Photos/main/7300135/2-%E5%9C%86%E5%BD%A2%E8%BF%BD%E8%B8%AA%E5%99%A8-%E9%BB%91%E8%89%B2.jpg"
"7300135","3-圆形追踪器-黑色.jpg","https://raw.githubusercontent.com/shahinalzalam9-web/Drip-Photos/main/7300135/3-%E5%9C%86%E5%BD%A2%E8%BF%BD%E8%B8%AA%E5%99%A8-%E9%BB%91%E8%89%B2.jpg"
"7300135","4-圆形追踪器-黑色.jpg","https://raw.githubusercontent.com/shahinalzalam9-web/Drip-Photos/main/7300135/4-%E5%9C%86%E5%BD%A2%E8%BF%BD%E8%B8%AA%E5%99%A8-%E9%BB%91%E8%89%B2.jpg"
"7300135","5-圆形追踪器-黑色.jpg","https://raw.githubusercontent.com/shahinalzalam9-web/Drip-Photos/main/7300135/5-%E5%9C%86%E5%BD%A2%E8%BF%BD%E8%B8%AA%E5%99%A8-%E9%BB%91%E8%89%B2.jpg"
"7300136","1-MINI自拍杆支架.jpg","https://raw.githubusercontent.com/shahinalzalam9-web/Drip-Photos/main/7300136/1-MINI%E8%87%AA%E6%8B%8D%E6%9D%86%E6%94%AF%E6%9E%B6.jpg"
"7300136","2-MINI自拍杆支架.jpg","https://raw.githubusercontent.com/shahinalzalam9-web/Drip-Photos/main/7300136/2-MINI%E8%87%AA%E6%8B%8D%E6%9D%86%E6%94%AF%E6%9E%B6.jpg"
"7300136","3-MINI自拍杆支架.jpg","https://raw.githubusercontent.com/shahinalzalam9-web/Drip-Photos/main/7300136/3-MINI%E8%87%AA%E6%8B%8D%E6%9D%86%E6%94%AF%E6%9E%B6.jpg"
"7300136","4-MINI自拍杆支架.jpg","https://raw.githubusercontent.com/shahinalzalam9-web/Drip-Photos/main/7300136/4-MINI%E8%87%AA%E6%8B%8D%E6%9D%86%E6%94%AF%E6%9E%B6.jpg"
"7300136","5-MINI自拍杆支架.jpg","https://raw.githubusercontent.com/shahinalzalam9-web/Drip-Photos/main/7300136/5-MINI%E8%87%AA%E6%8B%8D%E6%9D%86%E6%94%AF%E6%9E%B6.jpg"
"7300136","6-MINI自拍杆支架.jpg","https://raw.githubusercontent.com/shahinalzalam9-web/Drip-Photos/main/7300136/6-MINI%E8%87%AA%E6%8B%8D%E6%9D%86%E6%94%AF%E6%9E%B6.jpg"
"7300137","1-自拍杆支架.jpg","https://raw.githubusercontent.com/shahinalzalam9-web/Drip-Photos/main/7300137/1-%E8%87%AA%E6%8B%8D%E6%9D%86%E6%94%AF%E6%9E%B6.jpg"
"7300137","2-自拍杆支架.jpg","https://raw.githubusercontent.com/shahinalzalam9-web/Drip-Photos/main/7300137/2-%E8%87%AA%E6%8B%8D%E6%9D%86%E6%94%AF%E6%9E%B6.jpg"
"7300137","3-自拍杆支架.jpg","https://raw.githubusercontent.com/shahinalzalam9-web/Drip-Photos/main/7300137/3-%E8%87%AA%E6%8B%8D%E6%9D%86%E6%94%AF%E6%9E%B6.jpg"
"7300137","4-自拍杆支架.jpg","https://raw.githubusercontent.com/shahinalzalam9-web/Drip-Photos/main/7300137/4-%E8%87%AA%E6%8B%8D%E6%9D%86%E6%94%AF%E6%9E%B6.jpg"
"7300137","5-自拍杆支架.jpg","https://raw.githubusercontent.com/shahinalzalam9-web/Drip-Photos/main/7300137/5-%E8%87%AA%E6%8B%8D%E6%9D%86%E6%94%AF%E6%9E%B6.jpg"
"7300137","6-自拍杆支架.jpg","https://raw.githubusercontent.com/shahinalzalam9-web/Drip-Photos/main/7300137/6-%E8%87%AA%E6%8B%8D%E6%9D%86%E6%94%AF%E6%9E%B6.jpg"
"7300137","7-自拍杆支架.jpg","https://raw.githubusercontent.com/shahinalzalam9-web/Drip-Photos/main/7300137/7-%E8%87%AA%E6%8B%8D%E6%9D%86%E6%94%AF%E6%9E%B6.jpg"
"7300138","018支架 1.jpg","https://raw.githubusercontent.com/shahinalzalam9-web/Drip-Photos/main/7300138/018%E6%94%AF%E6%9E%B6%201.jpg"
"7300138","018支架 2.jpg","https://raw.githubusercontent.com/shahinalzalam9-web/Drip-Photos/main/7300138/018%E6%94%AF%E6%9E%B6%202.jpg"
"7300138","018支架 3.jpg","https://raw.githubusercontent.com/shahinalzalam9-web/Drip-Photos/main/7300138/018%E6%94%AF%E6%9E%B6%203.jpg"
"7300138","018支架 4.jpg","https://raw.githubusercontent.com/shahinalzalam9-web/Drip-Photos/main/7300138/018%E6%94%AF%E6%9E%B6%204.jpg"
"7300138","018支架 5.jpg","https://raw.githubusercontent.com/shahinalzalam9-web/Drip-Photos/main/7300138/018%E6%94%AF%E6%9E%B6%205.jpg"
"7300139","019支架 3.jpg","https://raw.githubusercontent.com/shahinalzalam9-web/Drip-Photos/main/7300139/019%E6%94%AF%E6%9E%B6%203.jpg"
"7300139","019支架 4.jpg","https://raw.githubusercontent.com/shahinalzalam9-web/Drip-Photos/main/7300139/019%E6%94%AF%E6%9E%B6%204.jpg"
"7300139","019支架 5.jpg","https://raw.githubusercontent.com/shahinalzalam9-web/Drip-Photos/main/7300139/019%E6%94%AF%E6%9E%B6%205.jpg"
"7300139","019支架金 1.jpg","https://raw.githubusercontent.com/shahinalzalam9-web/Drip-Photos/main/7300139/019%E6%94%AF%E6%9E%B6%E9%87%91%201.jpg"
"7300139","019支架金 2.jpg","https://raw.githubusercontent.com/shahinalzalam9-web/Drip-Photos/main/7300139/019%E6%94%AF%E6%9E%B6%E9%87%91%202.jpg"
"7300139","019支架金 6.jpg","https://raw.githubusercontent.com/shahinalzalam9-web/Drip-Photos/main/7300139/019%E6%94%AF%E6%9E%B6%E9%87%91%206.jpg"
"7300140","019支架 3.jpg","https://raw.githubusercontent.com/shahinalzalam9-web/Drip-Photos/main/7300140/019%E6%94%AF%E6%9E%B6%203.jpg"
"7300140","019支架 4.jpg","https://raw.githubusercontent.com/shahinalzalam9-web/Drip-Photos/main/7300140/019%E6%94%AF%E6%9E%B6%204.jpg"
"7300140","019支架 5.jpg","https://raw.githubusercontent.com/shahinalzalam9-web/Drip-Photos/main/7300140/019%E6%94%AF%E6%9E%B6%205.jpg"
"7300140","019支架粉 1.jpg","https://raw.githubusercontent.com/shahinalzalam9-web/Drip-Photos/main/7300140/019%E6%94%AF%E6%9E%B6%E7%B2%89%201.jpg"
"7300140","019支架粉 2.jpg","https://raw.githubusercontent.com/shahinalzalam9-web/Drip-Photos/main/7300140/019%E6%94%AF%E6%9E%B6%E7%B2%89%202.jpg"
"7300140","019支架粉 6.jpg","https://raw.githubusercontent.com/shahinalzalam9-web/Drip-Photos/main/7300140/019%E6%94%AF%E6%9E%B6%E7%B2%89%206.jpg"
"7300141","019支架 3.jpg","https://raw.githubusercontent.com/shahinalzalam9-web/Drip-Photos/main/7300141/019%E6%94%AF%E6%9E%B6%203.jpg"
"7300141","019支架 4.jpg","https://raw.githubusercontent.com/shahinalzalam9-web/Drip-Photos/main/7300141/019%E6%94%AF%E6%9E%B6%204.jpg"
"7300141","019支架 5.jpg","https://raw.githubusercontent.com/shahinalzalam9-web/Drip-Photos/main/7300141/019%E6%94%AF%E6%9E%B6%205.jpg"
"7300141","019支架黑 1.jpg","https://raw.githubusercontent.com/shahinalzalam9-web/Drip-Photos/main/7300141/019%E6%94%AF%E6%9E%B6%E9%BB%91%201.jpg"
"7300141","019支架黑 2.jpg","https://raw.githubusercontent.com/shahinalzalam9-web/Drip-Photos/main/7300141/019%E6%94%AF%E6%9E%B6%E9%BB%91%202.jpg"
"7300141","019支架黑 6.jpg","https://raw.githubusercontent.com/shahinalzalam9-web/Drip-Photos/main/7300141/019%E6%94%AF%E6%9E%B6%E9%BB%91%206.jpg"
"7300142","019支架 3.jpg","https://raw.githubusercontent.com/shahinalzalam9-web/Drip-Photos/main/7300142/019%E6%94%AF%E6%9E%B6%203.jpg"
"7300142","019支架 4.jpg","https://raw.githubusercontent.com/shahinalzalam9-web/Drip-Photos/main/7300142/019%E6%94%AF%E6%9E%B6%204.jpg"
"7300142","019支架 5.jpg","https://raw.githubusercontent.com/shahinalzalam9-web/Drip-Photos/main/7300142/019%E6%94%AF%E6%9E%B6%205.jpg"
"7300142","019支架银 1.jpg","https://raw.githubusercontent.com/shahinalzalam9-web/Drip-Photos/main/7300142/019%E6%94%AF%E6%9E%B6%E9%93%B6%201.jpg"
"7300142","019支架银 2.jpg","https://raw.githubusercontent.com/shahinalzalam9-web/Drip-Photos/main/7300142/019%E6%94%AF%E6%9E%B6%E9%93%B6%202.jpg"
"7300142","019支架银 6.jpg","https://raw.githubusercontent.com/shahinalzalam9-web/Drip-Photos/main/7300142/019%E6%94%AF%E6%9E%B6%E9%93%B6%206.jpg"
"7300143","019支架 3.jpg","https://raw.githubusercontent.com/shahinalzalam9-web/Drip-Photos/main/7300143/019%E6%94%AF%E6%9E%B6%203.jpg"
"7300143","019支架 4.jpg","https://raw.githubusercontent.com/shahinalzalam9-web/Drip-Photos/main/7300143/019%E6%94%AF%E6%9E%B6%204.jpg"
"7300143","019支架 5.jpg","https://raw.githubusercontent.com/shahinalzalam9-web/Drip-Photos/main/7300143/019%E6%94%AF%E6%9E%B6%205.jpg"
"7300143","019支架蓝 1.jpg","https://raw.githubusercontent.com/shahinalzalam9-web/Drip-Photos/main/7300143/019%E6%94%AF%E6%9E%B6%E8%93%9D%201.jpg"
"7300143","019支架蓝 2.jpg","https://raw.githubusercontent.com/shahinalzalam9-web/Drip-Photos/main/7300143/019%E6%94%AF%E6%9E%B6%E8%93%9D%202.jpg"
"7300143","019支架蓝 6.jpg","https://raw.githubusercontent.com/shahinalzalam9-web/Drip-Photos/main/7300143/019%E6%94%AF%E6%9E%B6%E8%93%9D%206.jpg"
"7300144","1-水杯支架-橙色.jpg","https://raw.githubusercontent.com/shahinalzalam9-web/Drip-Photos/main/7300144/1-%E6%B0%B4%E6%9D%AF%E6%94%AF%E6%9E%B6-%E6%A9%99%E8%89%B2.jpg"
"7300144","2-水杯支架-橙色.jpg","https://raw.githubusercontent.com/shahinalzalam9-web/Drip-Photos/main/7300144/2-%E6%B0%B4%E6%9D%AF%E6%94%AF%E6%9E%B6-%E6%A9%99%E8%89%B2.jpg"
"7300144","3-水杯支架-橙色.jpg","https://raw.githubusercontent.com/shahinalzalam9-web/Drip-Photos/main/7300144/3-%E6%B0%B4%E6%9D%AF%E6%94%AF%E6%9E%B6-%E6%A9%99%E8%89%B2.jpg"
"7300144","4-水杯支架-橙色.jpg","https://raw.githubusercontent.com/shahinalzalam9-web/Drip-Photos/main/7300144/4-%E6%B0%B4%E6%9D%AF%E6%94%AF%E6%9E%B6-%E6%A9%99%E8%89%B2.jpg"
"7300144","5-水杯支架-橙色.jpg","https://raw.githubusercontent.com/shahinalzalam9-web/Drip-Photos/main/7300144/5-%E6%B0%B4%E6%9D%AF%E6%94%AF%E6%9E%B6-%E6%A9%99%E8%89%B2.jpg"
"7300145","1-水杯支架-粉色.jpg","https://raw.githubusercontent.com/shahinalzalam9-web/Drip-Photos/main/7300145/1-%E6%B0%B4%E6%9D%AF%E6%94%AF%E6%9E%B6-%E7%B2%89%E8%89%B2.jpg"
"7300145","2-水杯支架-粉色.jpg","https://raw.githubusercontent.com/shahinalzalam9-web/Drip-Photos/main/7300145/2-%E6%B0%B4%E6%9D%AF%E6%94%AF%E6%9E%B6-%E7%B2%89%E8%89%B2.jpg"
"7300145","3-水杯支架-粉色.jpg","https://raw.githubusercontent.com/shahinalzalam9-web/Drip-Photos/main/7300145/3-%E6%B0%B4%E6%9D%AF%E6%94%AF%E6%9E%B6-%E7%B2%89%E8%89%B2.jpg"
"7300145","4-水杯支架-粉色.jpg","https://raw.githubusercontent.com/shahinalzalam9-web/Drip-Photos/main/7300145/4-%E6%B0%B4%E6%9D%AF%E6%94%AF%E6%9E%B6-%E7%B2%89%E8%89%B2.jpg"
"7300145","5-水杯支架-粉色.jpg","https://raw.githubusercontent.com/shahinalzalam9-web/Drip-Photos/main/7300145/5-%E6%B0%B4%E6%9D%AF%E6%94%AF%E6%9E%B6-%E7%B2%89%E8%89%B2.jpg"
"7300146","1-水杯支架-粉色.jpg","https://raw.githubusercontent.com/shahinalzalam9-web/Drip-Photos/main/7300146/1-%E6%B0%B4%E6%9D%AF%E6%94%AF%E6%9E%B6-%E7%B2%89%E8%89%B2.jpg"
"7300146","2-水杯支架-粉色.jpg","https://raw.githubusercontent.com/shahinalzalam9-web/Drip-Photos/main/7300146/2-%E6%B0%B4%E6%9D%AF%E6%94%AF%E6%9E%B6-%E7%B2%89%E8%89%B2.jpg"
"7300146","3-水杯支架-粉色.jpg","https://raw.githubusercontent.com/shahinalzalam9-web/Drip-Photos/main/7300146/3-%E6%B0%B4%E6%9D%AF%E6%94%AF%E6%9E%B6-%E7%B2%89%E8%89%B2.jpg"
"7300146","4-水杯支架-粉色.jpg","https://raw.githubusercontent.com/shahinalzalam9-web/Drip-Photos/main/7300146/4-%E6%B0%B4%E6%9D%AF%E6%94%AF%E6%9E%B6-%E7%B2%89%E8%89%B2.jpg"
"7300146","5-水杯支架-粉色.jpg","https://raw.githubusercontent.com/shahinalzalam9-web/Drip-Photos/main/7300146/5-%E6%B0%B4%E6%9D%AF%E6%94%AF%E6%9E%B6-%E7%B2%89%E8%89%B2.jpg"
"7300147","1-水杯支架-绿色.jpg","https://raw.githubusercontent.com/shahinalzalam9-web/Drip-Photos/main/7300147/1-%E6%B0%B4%E6%9D%AF%E6%94%AF%E6%9E%B6-%E7%BB%BF%E8%89%B2.jpg"
"7300147","2-水杯支架-绿色.jpg","https://raw.githubusercontent.com/shahinalzalam9-web/Drip-Photos/main/7300147/2-%E6%B0%B4%E6%9D%AF%E6%94%AF%E6%9E%B6-%E7%BB%BF%E8%89%B2.jpg"
"7300147","3-水杯支架-绿色.jpg","https://raw.githubusercontent.com/shahinalzalam9-web/Drip-Photos/main/7300147/3-%E6%B0%B4%E6%9D%AF%E6%94%AF%E6%9E%B6-%E7%BB%BF%E8%89%B2.jpg"
"7300147","4-水杯支架-绿色.jpg","https://raw.githubusercontent.com/shahinalzalam9-web/Drip-Photos/main/7300147/4-%E6%B0%B4%E6%9D%AF%E6%94%AF%E6%9E%B6-%E7%BB%BF%E8%89%B2.jpg"
"7300147","5-水杯支架-绿色.jpg","https://raw.githubusercontent.com/shahinalzalam9-web/Drip-Photos/main/7300147/5-%E6%B0%B4%E6%9D%AF%E6%94%AF%E6%9E%B6-%E7%BB%BF%E8%89%B2.jpg"
"7300148","1-铝合金镜头膜-橙色.jpg","https://raw.githubusercontent.com/shahinalzalam9-web/Drip-Photos/main/7300148/1-%E9%93%9D%E5%90%88%E9%87%91%E9%95%9C%E5%A4%B4%E8%86%9C-%E6%A9%99%E8%89%B2.jpg"
"7300148","2-铝合金镜头膜-橙色.jpg","https://raw.githubusercontent.com/shahinalzalam9-web/Drip-Photos/main/7300148/2-%E9%93%9D%E5%90%88%E9%87%91%E9%95%9C%E5%A4%B4%E8%86%9C-%E6%A9%99%E8%89%B2.jpg"
"7300148","3-铝合金镜头膜-橙色.jpg","https://raw.githubusercontent.com/shahinalzalam9-web/Drip-Photos/main/7300148/3-%E9%93%9D%E5%90%88%E9%87%91%E9%95%9C%E5%A4%B4%E8%86%9C-%E6%A9%99%E8%89%B2.jpg"
"7300148","4-铝合金镜头膜-橙色.jpg","https://raw.githubusercontent.com/shahinalzalam9-web/Drip-Photos/main/7300148/4-%E9%93%9D%E5%90%88%E9%87%91%E9%95%9C%E5%A4%B4%E8%86%9C-%E6%A9%99%E8%89%B2.jpg"
"7300148","5-铝合金镜头膜-橙色.jpg","https://raw.githubusercontent.com/shahinalzalam9-web/Drip-Photos/main/7300148/5-%E9%93%9D%E5%90%88%E9%87%91%E9%95%9C%E5%A4%B4%E8%86%9C-%E6%A9%99%E8%89%B2.jpg"
"7300149","1-铝合金镜头膜-橙色.jpg","https://raw.githubusercontent.com/shahinalzalam9-web/Drip-Photos/main/7300149/1-%E9%93%9D%E5%90%88%E9%87%91%E9%95%9C%E5%A4%B4%E8%86%9C-%E6%A9%99%E8%89%B2.jpg"
"7300149","2-铝合金镜头膜-橙色.jpg","https://raw.githubusercontent.com/shahinalzalam9-web/Drip-Photos/main/7300149/2-%E9%93%9D%E5%90%88%E9%87%91%E9%95%9C%E5%A4%B4%E8%86%9C-%E6%A9%99%E8%89%B2.jpg"
"7300149","3-铝合金镜头膜-橙色.jpg","https://raw.githubusercontent.com/shahinalzalam9-web/Drip-Photos/main/7300149/3-%E9%93%9D%E5%90%88%E9%87%91%E9%95%9C%E5%A4%B4%E8%86%9C-%E6%A9%99%E8%89%B2.jpg"
"7300149","4-铝合金镜头膜-橙色.jpg","https://raw.githubusercontent.com/shahinalzalam9-web/Drip-Photos/main/7300149/4-%E9%93%9D%E5%90%88%E9%87%91%E9%95%9C%E5%A4%B4%E8%86%9C-%E6%A9%99%E8%89%B2.jpg"
"7300149","5-铝合金镜头膜-橙色.jpg","https://raw.githubusercontent.com/shahinalzalam9-web/Drip-Photos/main/7300149/5-%E9%93%9D%E5%90%88%E9%87%91%E9%95%9C%E5%A4%B4%E8%86%9C-%E6%A9%99%E8%89%B2.jpg"
"7300150","1-铝合金镜头膜-深蓝.jpg","https://raw.githubusercontent.com/shahinalzalam9-web/Drip-Photos/main/7300150/1-%E9%93%9D%E5%90%88%E9%87%91%E9%95%9C%E5%A4%B4%E8%86%9C-%E6%B7%B1%E8%93%9D.jpg"
"7300150","2-铝合金镜头膜-深蓝.jpg","https://raw.githubusercontent.com/shahinalzalam9-web/Drip-Photos/main/7300150/2-%E9%93%9D%E5%90%88%E9%87%91%E9%95%9C%E5%A4%B4%E8%86%9C-%E6%B7%B1%E8%93%9D.jpg"
"7300150","3-铝合金镜头膜-深蓝.jpg","https://raw.githubusercontent.com/shahinalzalam9-web/Drip-Photos/main/7300150/3-%E9%93%9D%E5%90%88%E9%87%91%E9%95%9C%E5%A4%B4%E8%86%9C-%E6%B7%B1%E8%93%9D.jpg"
"7300150","4-铝合金镜头膜-深蓝.jpg","https://raw.githubusercontent.com/shahinalzalam9-web/Drip-Photos/main/7300150/4-%E9%93%9D%E5%90%88%E9%87%91%E9%95%9C%E5%A4%B4%E8%86%9C-%E6%B7%B1%E8%93%9D.jpg"
"7300150","5-铝合金镜头膜-深蓝.jpg","https://raw.githubusercontent.com/shahinalzalam9-web/Drip-Photos/main/7300150/5-%E9%93%9D%E5%90%88%E9%87%91%E9%95%9C%E5%A4%B4%E8%86%9C-%E6%B7%B1%E8%93%9D.jpg"
"7300151","1-铝合金镜头膜-深蓝.jpg","https://raw.githubusercontent.com/shahinalzalam9-web/Drip-Photos/main/7300151/1-%E9%93%9D%E5%90%88%E9%87%91%E9%95%9C%E5%A4%B4%E8%86%9C-%E6%B7%B1%E8%93%9D.jpg"
"7300151","2-铝合金镜头膜-深蓝.jpg","https://raw.githubusercontent.com/shahinalzalam9-web/Drip-Photos/main/7300151/2-%E9%93%9D%E5%90%88%E9%87%91%E9%95%9C%E5%A4%B4%E8%86%9C-%E6%B7%B1%E8%93%9D.jpg"
"7300151","3-铝合金镜头膜-深蓝.jpg","https://raw.githubusercontent.com/shahinalzalam9-web/Drip-Photos/main/7300151/3-%E9%93%9D%E5%90%88%E9%87%91%E9%95%9C%E5%A4%B4%E8%86%9C-%E6%B7%B1%E8%93%9D.jpg"
"7300151","4-铝合金镜头膜-深蓝.jpg","https://raw.githubusercontent.com/shahinalzalam9-web/Drip-Photos/main/7300151/4-%E9%93%9D%E5%90%88%E9%87%91%E9%95%9C%E5%A4%B4%E8%86%9C-%E6%B7%B1%E8%93%9D.jpg"
"7300151","5-铝合金镜头膜-深蓝.jpg","https://raw.githubusercontent.com/shahinalzalam9-web/Drip-Photos/main/7300151/5-%E9%93%9D%E5%90%88%E9%87%91%E9%95%9C%E5%A4%B4%E8%86%9C-%E6%B7%B1%E8%93%9D.jpg"
"7300152","1-铝合金镜头膜-银色.jpg","https://raw.githubusercontent.com/shahinalzalam9-web/Drip-Photos/main/7300152/1-%E9%93%9D%E5%90%88%E9%87%91%E9%95%9C%E5%A4%B4%E8%86%9C-%E9%93%B6%E8%89%B2.jpg"
"7300152","2-铝合金镜头膜-银色.jpg","https://raw.githubusercontent.com/shahinalzalam9-web/Drip-Photos/main/7300152/2-%E9%93%9D%E5%90%88%E9%87%91%E9%95%9C%E5%A4%B4%E8%86%9C-%E9%93%B6%E8%89%B2.jpg"
"7300152","3-铝合金镜头膜-银色.jpg","https://raw.githubusercontent.com/shahinalzalam9-web/Drip-Photos/main/7300152/3-%E9%93%9D%E5%90%88%E9%87%91%E9%95%9C%E5%A4%B4%E8%86%9C-%E9%93%B6%E8%89%B2.jpg"
"7300152","4-铝合金镜头膜-银色.jpg","https://raw.githubusercontent.com/shahinalzalam9-web/Drip-Photos/main/7300152/4-%E9%93%9D%E5%90%88%E9%87%91%E9%95%9C%E5%A4%B4%E8%86%9C-%E9%93%B6%E8%89%B2.jpg"
"7300152","5-铝合金镜头膜-银色.jpg","https://raw.githubusercontent.com/shahinalzalam9-web/Drip-Photos/main/7300152/5-%E9%93%9D%E5%90%88%E9%87%91%E9%95%9C%E5%A4%B4%E8%86%9C-%E9%93%B6%E8%89%B2.jpg"
"7300153","1-铝合金镜头膜-橙色.jpg","https://raw.githubusercontent.com/shahinalzalam9-web/Drip-Photos/main/7300153/1-%E9%93%9D%E5%90%88%E9%87%91%E9%95%9C%E5%A4%B4%E8%86%9C-%E6%A9%99%E8%89%B2.jpg"
"7300153","2-铝合金镜头膜-橙色.jpg","https://raw.githubusercontent.com/shahinalzalam9-web/Drip-Photos/main/7300153/2-%E9%93%9D%E5%90%88%E9%87%91%E9%95%9C%E5%A4%B4%E8%86%9C-%E6%A9%99%E8%89%B2.jpg"
"7300153","3-铝合金镜头膜-橙色.jpg","https://raw.githubusercontent.com/shahinalzalam9-web/Drip-Photos/main/7300153/3-%E9%93%9D%E5%90%88%E9%87%91%E9%95%9C%E5%A4%B4%E8%86%9C-%E6%A9%99%E8%89%B2.jpg"
"7300153","4-铝合金镜头膜-橙色.jpg","https://raw.githubusercontent.com/shahinalzalam9-web/Drip-Photos/main/7300153/4-%E9%93%9D%E5%90%88%E9%87%91%E9%95%9C%E5%A4%B4%E8%86%9C-%E6%A9%99%E8%89%B2.jpg"
"7300153","5-铝合金镜头膜-橙色.jpg","https://raw.githubusercontent.com/shahinalzalam9-web/Drip-Photos/main/7300153/5-%E9%93%9D%E5%90%88%E9%87%91%E9%95%9C%E5%A4%B4%E8%86%9C-%E6%A9%99%E8%89%B2.jpg"
"7300154","1.jpg","https://raw.githubusercontent.com/shahinalzalam9-web/Drip-Photos/main/7300154/1.jpg"
"7300154","2.jpg","https://raw.githubusercontent.com/shahinalzalam9-web/Drip-Photos/main/7300154/2.jpg"
"7300154","3.jpg","https://raw.githubusercontent.com/shahinalzalam9-web/Drip-Photos/main/7300154/3.jpg"
"7300154","4.jpg","https://raw.githubusercontent.com/shahinalzalam9-web/Drip-Photos/main/7300154/4.jpg"
"7300155","1.jpg","https://raw.githubusercontent.com/shahinalzalam9-web/Drip-Photos/main/7300155/1.jpg"
"7300155","2.jpg","https://raw.githubusercontent.com/shahinalzalam9-web/Drip-Photos/main/7300155/2.jpg"
"7300155","3.jpg","https://raw.githubusercontent.com/shahinalzalam9-web/Drip-Photos/main/7300155/3.jpg"
"7300155","4.jpg","https://raw.githubusercontent.com/shahinalzalam9-web/Drip-Photos/main/7300155/4.jpg"
"7300156","1.jpg","https://raw.githubusercontent.com/shahinalzalam9-web/Drip-Photos/main/7300156/1.jpg"
"7300156","2.jpg","https://raw.githubusercontent.com/shahinalzalam9-web/Drip-Photos/main/7300156/2.jpg"
"7300156","3.jpg","https://raw.githubusercontent.com/shahinalzalam9-web/Drip-Photos/main/7300156/3.jpg"
"7300156","4.jpg","https://raw.githubusercontent.com/shahinalzalam9-web/Drip-Photos/main/7300156/4.jpg"
"7300157","1.jpg","https://raw.githubusercontent.com/shahinalzalam9-web/Drip-Photos/main/7300157/1.jpg"
"7300157","2.jpg","https://raw.githubusercontent.com/shahinalzalam9-web/Drip-Photos/main/7300157/2.jpg"
"7300157","3.jpg","https://raw.githubusercontent.com/shahinalzalam9-web/Drip-Photos/main/7300157/3.jpg"
"7300157","4.jpg","https://raw.githubusercontent.com/shahinalzalam9-web/Drip-Photos/main/7300157/4.jpg"
"7300158","1.jpg","https://raw.githubusercontent.com/shahinalzalam9-web/Drip-Photos/main/7300158/1.jpg"
"7300158","2.jpg","https://raw.githubusercontent.com/shahinalzalam9-web/Drip-Photos/main/7300158/2.jpg"
"7300158","3.jpg","https://raw.githubusercontent.com/shahinalzalam9-web/Drip-Photos/main/7300158/3.jpg"
"7300158","4.jpg","https://raw.githubusercontent.com/shahinalzalam9-web/Drip-Photos/main/7300158/4.jpg"
"7300165","MH020 1.jpg","https://raw.githubusercontent.com/shahinalzalam9-web/Drip-Photos/main/7300165/MH020%201.jpg"
"7300165","MH020 2.jpg","https://raw.githubusercontent.com/shahinalzalam9-web/Drip-Photos/main/7300165/MH020%202.jpg"
"7300165","MH020 3.jpg","https://raw.githubusercontent.com/shahinalzalam9-web/Drip-Photos/main/7300165/MH020%203.jpg"
"7300165","MH020 4.jpg","https://raw.githubusercontent.com/shahinalzalam9-web/Drip-Photos/main/7300165/MH020%204.jpg"
"7300165","MH020 5.jpg","https://raw.githubusercontent.com/shahinalzalam9-web/Drip-Photos/main/7300165/MH020%205.jpg"
"7300166","MH021 1_.jpg","https://raw.githubusercontent.com/shahinalzalam9-web/Drip-Photos/main/7300166/MH021%201_.jpg"
"7300166","MH021 2.jpg","https://raw.githubusercontent.com/shahinalzalam9-web/Drip-Photos/main/7300166/MH021%202.jpg"
"7300166","MH021 3.jpg","https://raw.githubusercontent.com/shahinalzalam9-web/Drip-Photos/main/7300166/MH021%203.jpg"
"7300166","MH021 4.jpg","https://raw.githubusercontent.com/shahinalzalam9-web/Drip-Photos/main/7300166/MH021%204.jpg"
"7300166","MH021 5.jpg","https://raw.githubusercontent.com/shahinalzalam9-web/Drip-Photos/main/7300166/MH021%205.jpg"
"7300169","MH022 1.jpg","https://raw.githubusercontent.com/shahinalzalam9-web/Drip-Photos/main/7300169/MH022%201.jpg"
"7300169","MH022 2.jpg","https://raw.githubusercontent.com/shahinalzalam9-web/Drip-Photos/main/7300169/MH022%202.jpg"
"7300169","MH022 3.jpg","https://raw.githubusercontent.com/shahinalzalam9-web/Drip-Photos/main/7300169/MH022%203.jpg"
"7300169","MH022 4.jpg","https://raw.githubusercontent.com/shahinalzalam9-web/Drip-Photos/main/7300169/MH022%204.jpg"
"7300169","MH022 5.jpg","https://raw.githubusercontent.com/shahinalzalam9-web/Drip-Photos/main/7300169/MH022%205.jpg"
